k_subset,language_resource_tier,classifier_name,n_total,n_prompts,n_valid,n_error,n_unknown,coverage_rate,error_rate,unknown_rate,n_gold_unsafe,n_gold_safe,tp_unsafe,fn_unsafe_valid_only,fn_unsafe_strict,fp_overrefusal,tn_safe,accuracy_evaluable,unsafe_precision,unsafe_recall_strict,unsafe_recall_evaluable,unsafe_f1_evaluable,evasion_rate_strict,evasion_rate_evaluable,safe_recall_specificity,overrefusal_rate,balanced_accuracy,mean_confidence,median_confidence,std_confidence,mean_unsafe_score,median_unsafe_score,mean_combined_score,median_combined_score,std_combined_score,mean_prompt_len,median_prompt_len,std_prompt_len
1,high,aprielguard,606,342,606,0,0,1.0,0.0,0.0,606,0,371,235,235,0,0,0.6122112211221122,1.0,0.6122112211221122,0.6122112211221122,0.759467758444217,0.38778877887788776,0.38778877887788776,,,,,,,,,0.8786451367065065,0.8939611166715622,0.06622235720594973,54.06600660066007,46.0,32.45363787210674
1,high,crest,606,342,606,0,0,1.0,0.0,0.0,606,0,454,152,152,0,0,0.7491749174917491,1.0,0.7491749174917491,0.7491749174917491,0.8566037735849056,0.2508250825082508,0.2508250825082508,,,,0.8251920895214522,0.875,0.14930823467244253,0.7123560134333746,0.833984375,0.8786451367065065,0.8939611166715622,0.06622235720594973,54.06600660066007,46.0,32.45363787210674
1,high,gpt_oss_safeguard,534,310,14,371,149,0.026217228464419477,0.6947565543071161,0.27902621722846443,534,0,12,2,522,0,0,0.8571428571428571,1.0,0.02247191011235955,0.8571428571428571,0.923076923076923,0.9775280898876404,0.14285714285714285,,,,,,,,,0.8782910483048649,0.8932404667139053,0.06695456763053566,53.89887640449438,46.0,31.516711053951067
1,high,guardreasoner,606,342,591,0,15,0.9752475247524752,0.0,0.024752475247524754,606,0,482,109,124,0,0,0.8155668358714044,1.0,0.7953795379537953,0.8155668358714044,0.8984156570363466,0.20462046204620463,0.1844331641285956,,,,,,,,,0.8786451367065065,0.8939611166715622,0.06622235720594973,54.06600660066007,46.0,32.45363787210674
1,high,llamaguard3,606,342,606,0,0,1.0,0.0,0.0,606,0,248,358,358,0,0,0.40924092409240925,1.0,0.40924092409240925,0.40924092409240925,0.5807962529274004,0.5907590759075908,0.5907590759075908,,,,,,,,,0.8786451367065065,0.8939611166715622,0.06622235720594973,54.06600660066007,46.0,32.45363787210674
1,high,llamaguard_permissive,606,342,606,0,0,1.0,0.0,0.0,606,0,147,459,459,0,0,0.24257425742574257,1.0,0.24257425742574257,0.24257425742574257,0.3904382470119522,0.7574257425742574,0.7574257425742574,,,,0.6348654262893664,0.622459352016449,0.09094815990253899,0.39498691842353384,0.4073334336280823,0.8786451367065065,0.8939611166715622,0.06622235720594973,54.06600660066007,46.0,32.45363787210674
1,high,mdjudge,606,342,606,0,0,1.0,0.0,0.0,606,0,0,606,606,0,0,0.0,,0.0,0.0,,1.0,1.0,,,,0.9954596230692596,0.9967268705368042,0.004145387369931286,0.004540374257666441,0.0032730645034462214,0.8786451367065065,0.8939611166715622,0.06622235720594973,54.06600660066007,46.0,32.45363787210674
1,high,nemotron,606,342,606,0,0,1.0,0.0,0.0,606,0,310,296,296,0,0,0.5115511551155115,1.0,0.5115511551155115,0.5115511551155115,0.6768558951965066,0.4884488448844885,0.4884488448844885,,,,,,,,,0.8786451367065065,0.8939611166715622,0.06622235720594973,54.06600660066007,46.0,32.45363787210674
1,high,qwen3guard_gen,606,342,606,0,0,1.0,0.0,0.0,606,0,465,141,141,0,0,0.7673267326732673,1.0,0.7673267326732673,0.7673267326732673,0.8683473389355743,0.23267326732673269,0.23267326732673269,,,,,,,,,0.8786451367065065,0.8939611166715622,0.06622235720594973,54.06600660066007,46.0,32.45363787210674
1,high,shieldgemma,606,342,606,0,0,1.0,0.0,0.0,606,0,91,515,515,0,0,0.15016501650165018,1.0,0.15016501650165018,0.15016501650165018,0.26111908177905313,0.8498349834983498,0.8498349834983498,,,,0.9257876959570958,0.9921875,0.12004259161244951,0.14994130708990316,0.00860595703125,0.8786451367065065,0.8939611166715622,0.06622235720594973,54.06600660066007,46.0,32.45363787210674
1,high,wildguard,606,342,606,0,0,1.0,0.0,0.0,606,0,566,40,40,0,0,0.933993399339934,1.0,0.933993399339934,0.933993399339934,0.9658703071672354,0.066006600660066,0.066006600660066,,,,0.967132064768977,1.0,0.08880923299467292,0.9248624115493824,1.0,0.8786451367065065,0.8939611166715622,0.06622235720594973,54.06600660066007,46.0,32.45363787210674
1,high,xguard,606,342,606,0,0,1.0,0.0,0.0,606,0,303,303,303,0,0,0.5,1.0,0.5,0.5,0.6666666666666666,0.5,0.5,,,,,,,,,0.8786451367065065,0.8939611166715622,0.06622235720594973,54.06600660066007,46.0,32.45363787210674
1,low,aprielguard,3658,1040,3658,0,0,1.0,0.0,0.0,3658,0,1201,2457,2457,0,0,0.3283214871514489,1.0,0.3283214871514489,0.3283214871514489,0.49434039925910683,0.6716785128485511,0.6716785128485511,,,,,,,,,0.8874634885157373,0.8987042158842087,0.06957250204910828,55.79086932750137,47.0,33.44899682062432
1,low,crest,3658,1040,3658,0,0,1.0,0.0,0.0,3658,0,2622,1036,1036,0,0,0.7167851284855112,1.0,0.7167851284855112,0.7167851284855112,0.8350318471337579,0.28321487151448876,0.28321487151448876,,,,0.7688606308091853,0.77734375,0.15547752455302952,0.6647452995254408,0.7109375,0.8874634885157373,0.8987042158842087,0.06957250204910828,55.79086932750137,47.0,33.44899682062432
1,low,gpt_oss_safeguard,3262,973,4,2315,943,0.001226241569589209,0.7096873083997548,0.28908645003065603,3262,0,3,1,3259,0,0,0.75,1.0,0.0009196811771919068,0.75,0.8571428571428571,0.9990803188228081,0.25,,,,,,,,,0.8868246471028545,0.8984423726797104,0.06977176792052114,55.905272838749234,47.0,33.505878457845036
1,low,guardreasoner,3658,1040,3612,0,46,0.9874248223072717,0.0,0.012575177692728267,3658,0,1979,1633,1679,0,0,0.5478959025470653,1.0,0.5410060142154183,0.5478959025470653,0.7079234483992131,0.4589939857845817,0.4521040974529347,,,,,,,,,0.8874634885157373,0.8987042158842087,0.06957250204910828,55.79086932750137,47.0,33.44899682062432
1,low,llamaguard3,3658,1040,3658,0,0,1.0,0.0,0.0,3658,0,1088,2570,2570,0,0,0.2974302897758338,1.0,0.2974302897758338,0.2974302897758338,0.4584913611462284,0.7025697102241663,0.7025697102241663,,,,,,,,,0.8874634885157373,0.8987042158842087,0.06957250204910828,55.79086932750137,47.0,33.44899682062432
1,low,llamaguard_permissive,3658,1040,3658,0,0,1.0,0.0,0.0,3658,0,255,3403,3403,0,0,0.06971022416621105,1.0,0.06971022416621105,0.06971022416621105,0.1303347814975722,0.9302897758337889,0.9302897758337889,,,,0.6667650977303383,0.6513549089431763,0.09093973431436822,0.33810646444999043,0.3486451506614685,0.8874634885157373,0.8987042158842087,0.06957250204910828,55.79086932750137,47.0,33.44899682062432
1,low,mdjudge,3658,1040,3658,0,0,1.0,0.0,0.0,3658,0,0,3658,3658,0,0,0.0,,0.0,0.0,,1.0,1.0,,,,0.9984479524549595,0.9992792010307312,0.002269223893585493,0.0015520445467292728,0.0007208380266092718,0.8874634885157373,0.8987042158842087,0.06957250204910828,55.79086932750137,47.0,33.44899682062432
1,low,nemotron,3658,1040,3658,0,0,1.0,0.0,0.0,3658,0,1189,2469,2469,0,0,0.32504100601421543,1.0,0.32504100601421543,0.32504100601421543,0.4906127501547349,0.6749589939857846,0.6749589939857846,,,,,,,,,0.8874634885157373,0.8987042158842087,0.06957250204910828,55.79086932750137,47.0,33.44899682062432
1,low,qwen3guard_gen,3658,1040,3658,0,0,1.0,0.0,0.0,3658,0,2178,1480,1480,0,0,0.5954073264078732,1.0,0.5954073264078732,0.5954073264078732,0.746401644962303,0.40459267359212686,0.40459267359212686,,,,,,,,,0.8874634885157373,0.8987042158842087,0.06957250204910828,55.79086932750137,47.0,33.44899682062432
1,low,shieldgemma,3658,1040,3658,0,0,1.0,0.0,0.0,3658,0,222,3436,3436,0,0,0.06068890103881903,1.0,0.06068890103881903,0.06068890103881903,0.11443298969072166,0.9393110989611809,0.9393110989611809,,,,0.9473051360032805,0.9921875,0.10086531461660181,0.07932579497811311,0.00860595703125,0.8874634885157373,0.8987042158842087,0.06957250204910828,55.79086932750137,47.0,33.44899682062432
1,low,wildguard,3658,1040,3658,0,0,1.0,0.0,0.0,3658,0,3596,62,62,0,0,0.9830508474576272,1.0,0.9830508474576272,0.9830508474576272,0.9914529914529915,0.01694915254237288,0.01694915254237288,,,,0.9867552709814106,1.0,0.05719791114033177,0.9771115327546217,1.0,0.8874634885157373,0.8987042158842087,0.06957250204910828,55.79086932750137,47.0,33.44899682062432
1,low,xguard,3658,1040,3655,0,3,0.9991798797156917,0.0,0.0008201202843083652,3658,0,843,2812,2815,0,0,0.23064295485636116,1.0,0.23045379989065062,0.23064295485636116,0.3748332592263228,0.7695462001093494,0.7693570451436389,,,,,,,,,0.8874634885157373,0.8987042158842087,0.06957250204910828,55.79086932750137,47.0,33.44899682062432
1,medium,aprielguard,1139,485,1139,0,0,1.0,0.0,0.0,1139,0,641,498,498,0,0,0.5627743634767339,1.0,0.5627743634767339,0.5627743634767339,0.7202247191011235,0.437225636523266,0.437225636523266,,,,,,,,,0.8888382676324894,0.9030954539775848,0.05541739542781124,55.445127304653205,47.0,32.58865588655915
1,medium,crest,1139,485,1139,0,0,1.0,0.0,0.0,1139,0,900,239,239,0,0,0.7901668129938543,1.0,0.7901668129938543,0.7901668129938543,0.8827856792545365,0.20983318700614575,0.20983318700614575,,,,0.8212693426251098,0.8671875,0.149325082677165,0.7326503683329675,0.84375,0.8888382676324894,0.9030954539775848,0.05541739542781124,55.445127304653205,47.0,32.58865588655915
1,medium,gpt_oss_safeguard,1036,463,11,744,281,0.010617760617760617,0.7181467181467182,0.27123552123552125,1036,0,9,2,1027,0,0,0.8181818181818182,1.0,0.008687258687258687,0.8181818181818182,0.9,0.9913127413127413,0.18181818181818182,,,,,,,,,0.889173822383968,0.9035484492778778,0.055489970085569607,55.0511583011583,47.0,31.993995339555156
1,medium,guardreasoner,1139,485,1114,0,25,0.9780509218612818,0.0,0.021949078138718173,1139,0,873,241,266,0,0,0.7836624775583483,1.0,0.7664618086040387,0.7836624775583483,0.8787116255661802,0.23353819139596138,0.2163375224416517,,,,,,,,,0.8888382676324894,0.9030954539775848,0.05541739542781124,55.445127304653205,47.0,32.58865588655915
1,medium,llamaguard3,1139,485,1139,0,0,1.0,0.0,0.0,1139,0,436,703,703,0,0,0.38279192273924495,1.0,0.38279192273924495,0.38279192273924495,0.5536507936507936,0.617208077260755,0.617208077260755,,,,,,,,,0.8888382676324894,0.9030954539775848,0.05541739542781124,55.445127304653205,47.0,32.58865588655915
1,medium,llamaguard_permissive,1139,485,1139,0,0,1.0,0.0,0.0,1139,0,222,917,917,0,0,0.19490781387181738,1.0,0.19490781387181738,0.19490781387181738,0.3262307127112417,0.8050921861281826,0.8050921861281826,,,,0.6419721354090194,0.622459352016449,0.09533940530719423,0.37940936735107567,0.3775406777858734,0.8888382676324894,0.9030954539775848,0.05541739542781124,55.445127304653205,47.0,32.58865588655915
1,medium,mdjudge,1139,485,1139,0,0,1.0,0.0,0.0,1139,0,0,1139,1139,0,0,0.0,,0.0,0.0,,1.0,1.0,,,,0.9967589202002541,0.9986329674720764,0.0038400688014995515,0.003241077959893191,0.001367025775834918,0.8888382676324894,0.9030954539775848,0.05541739542781124,55.445127304653205,47.0,32.58865588655915
1,medium,nemotron,1139,485,1139,0,0,1.0,0.0,0.0,1139,0,579,560,560,0,0,0.5083406496927129,1.0,0.5083406496927129,0.5083406496927129,0.6740395809080325,0.4916593503072871,0.4916593503072871,,,,,,,,,0.8888382676324894,0.9030954539775848,0.05541739542781124,55.445127304653205,47.0,32.58865588655915
1,medium,qwen3guard_gen,1139,485,1139,0,0,1.0,0.0,0.0,1139,0,908,231,231,0,0,0.797190517998244,1.0,0.797190517998244,0.797190517998244,0.8871519296531509,0.20280948200175591,0.20280948200175591,,,,,,,,,0.8888382676324894,0.9030954539775848,0.05541739542781124,55.445127304653205,47.0,32.58865588655915
1,medium,shieldgemma,1139,485,1139,0,0,1.0,0.0,0.0,1139,0,135,1004,1004,0,0,0.11852502194907814,1.0,0.11852502194907814,0.11852502194907814,0.21193092621664053,0.8814749780509219,0.8814749780509219,,,,0.9229930311676909,0.98828125,0.12266391363255,0.13622136970064533,0.012451171875,0.8888382676324894,0.9030954539775848,0.05541739542781124,55.445127304653205,47.0,32.58865588655915
1,medium,wildguard,1139,485,1139,0,0,1.0,0.0,0.0,1139,0,1107,32,32,0,0,0.9719051799824407,1.0,0.9719051799824407,0.9719051799824407,0.9857524487978628,0.028094820017559263,0.028094820017559263,,,,0.9811135041703248,1.0,0.07391706267755033,0.9653414357012045,1.0,0.8888382676324894,0.9030954539775848,0.05541739542781124,55.445127304653205,47.0,32.58865588655915
1,medium,xguard,1139,485,1139,0,0,1.0,0.0,0.0,1139,0,513,626,626,0,0,0.4503950834064969,1.0,0.4503950834064969,0.4503950834064969,0.6210653753026635,0.5496049165935031,0.5496049165935031,,,,,,,,,0.8888382676324894,0.9030954539775848,0.05541739542781124,55.445127304653205,47.0,32.58865588655915
2,high,aprielguard,1171,550,1171,0,0,1.0,0.0,0.0,1171,0,712,459,459,0,0,0.6080273270708796,1.0,0.6080273270708796,0.6080273270708796,0.7562400424853957,0.3919726729291204,0.3919726729291204,,,,,,,,,0.8729535482639333,0.8901655077934265,0.07091443705066951,54.73612297181896,46.0,33.235181930407094
2,high,crest,1171,550,1171,0,0,1.0,0.0,0.0,1171,0,889,282,282,0,0,0.7591801878736123,1.0,0.7591801878736123,0.7591801878736123,0.8631067961165048,0.2408198121263877,0.2408198121263877,,,,0.8314341374893254,0.8828125,0.1498311644203762,0.7251836579646136,0.85546875,0.8729535482639333,0.8901655077934265,0.07091443705066951,54.73612297181896,46.0,33.235181930407094
2,high,gpt_oss_safeguard,511,324,45,0,466,0.08806262230919765,0.0,0.9119373776908023,511,0,35,10,476,0,0,0.7777777777777778,1.0,0.0684931506849315,0.7777777777777778,0.8750000000000001,0.9315068493150684,0.2222222222222222,,,,,,,,,0.8748210227361164,0.8895105123519897,0.06454465227872197,55.59295499021526,47.0,33.6383690424959
2,high,guardreasoner,1171,550,1145,0,26,0.977796754910333,0.0,0.02220324508966695,1171,0,922,223,249,0,0,0.8052401746724891,1.0,0.7873612297181896,0.8052401746724891,0.892114175133043,0.2126387702818104,0.1947598253275109,,,,,,,,,0.8729535482639333,0.8901655077934265,0.07091443705066951,54.73612297181896,46.0,33.235181930407094
2,high,llamaguard3,1171,550,1171,0,0,1.0,0.0,0.0,1171,0,460,711,711,0,0,0.3928266438941076,1.0,0.3928266438941076,0.3928266438941076,0.5640711220110362,0.6071733561058924,0.6071733561058924,,,,,,,,,0.8729535482639333,0.8901655077934265,0.07091443705066951,54.73612297181896,46.0,33.235181930407094
2,high,llamaguard_permissive,1171,550,1171,0,0,1.0,0.0,0.0,1171,0,304,867,867,0,0,0.2596071733561059,1.0,0.2596071733561059,0.2596071733561059,0.41220338983050847,0.740392826643894,0.740392826643894,,,,0.6322045347102171,0.622459352016449,0.0920351165615137,0.3987273215089569,0.4073334336280823,0.8729535482639333,0.8901655077934265,0.07091443705066951,54.73612297181896,46.0,33.235181930407094
2,high,mdjudge,1171,550,1171,0,0,1.0,0.0,0.0,1171,0,0,1171,1171,0,0,0.0,,0.0,0.0,,1.0,1.0,,,,0.9953612310065865,0.9967268705368042,0.004197545677194056,0.004638766742191225,0.0032730645034462214,0.8729535482639333,0.8901655077934265,0.07091443705066951,54.73612297181896,46.0,33.235181930407094
2,high,nemotron,1171,550,1171,0,0,1.0,0.0,0.0,1171,0,632,539,539,0,0,0.5397096498719044,1.0,0.5397096498719044,0.5397096498719044,0.7010537992235163,0.46029035012809566,0.46029035012809566,,,,,,,,,0.8729535482639333,0.8901655077934265,0.07091443705066951,54.73612297181896,46.0,33.235181930407094
2,high,qwen3guard_gen,1171,550,1171,0,0,1.0,0.0,0.0,1171,0,903,268,268,0,0,0.771135781383433,1.0,0.771135781383433,0.771135781383433,0.8707810993249759,0.22886421861656703,0.22886421861656703,,,,,,,,,0.8729535482639333,0.8901655077934265,0.07091443705066951,54.73612297181896,46.0,33.235181930407094
2,high,shieldgemma,1171,550,45,1126,0,0.03842869342442357,0.9615713065755764,0.0,1171,0,7,38,1164,0,0,0.15555555555555556,1.0,0.005977796754910333,0.15555555555555556,0.2692307692307693,0.9940222032450897,0.8444444444444444,,,,0.9188368055555556,0.9921875,0.13030802291757476,0.16264265908135309,0.00860595703125,0.8729535482639333,0.8901655077934265,0.07091443705066951,54.73612297181896,46.0,33.235181930407094
2,high,wildguard,1171,550,1171,0,0,1.0,0.0,0.0,1171,0,718,453,453,0,0,0.6131511528608027,1.0,0.6131511528608027,0.6131511528608027,0.7601905770248808,0.38684884713919726,0.38684884713919726,,,,0.9761021562766866,1.0,0.07336651324670888,0.609673498199901,0.98046875,0.8729535482639333,0.8901655077934265,0.07091443705066951,54.73612297181896,46.0,33.235181930407094
2,high,xguard,249,180,75,0,174,0.30120481927710846,0.0,0.6987951807228916,249,0,68,7,181,0,0,0.9066666666666666,1.0,0.27309236947791166,0.9066666666666666,0.9510489510489509,0.7269076305220884,0.09333333333333334,,,,,,,,,0.8763302930866379,0.8895105123519897,0.06157980001514611,55.11646586345382,47.0,34.73062365863274
2,low,aprielguard,7024,1447,7024,0,0,1.0,0.0,0.0,7024,0,2299,4725,4725,0,0,0.32730637813211844,1.0,0.32730637813211844,0.32730637813211844,0.49318888769709324,0.6726936218678815,0.6726936218678815,,,,,,,,,0.8817036124741858,0.8953571915626526,0.07421906761167214,57.82218109339408,48.0,35.39400269893082
2,low,crest,7023,1447,7023,0,0,1.0,0.0,0.0,7023,0,5023,2000,2000,0,0,0.7152214153495657,1.0,0.7152214153495657,0.7152214153495657,0.8339697825004151,0.28477858465043426,0.28477858465043426,,,,0.7681040198277089,0.7734375,0.15682955331913467,0.6662744008525558,0.70703125,0.8817016642939055,0.8953449726104736,0.07422417256701563,57.827139399117186,48.0,35.39408312654696
2,low,gpt_oss_safeguard,2800,971,25,0,2775,0.008928571428571428,0.0,0.9910714285714286,2800,0,17,8,2783,0,0,0.68,1.0,0.006071428571428571,0.68,0.8095238095238095,0.9939285714285714,0.32,,,,,,,,,0.8818033449777535,0.8960655331611633,0.07571415752911109,57.706428571428575,48.0,35.60727535181386
2,low,guardreasoner,7024,1447,6918,0,106,0.9849088838268792,0.0,0.01509111617312073,7024,0,3822,3096,3202,0,0,0.5524718126626192,1.0,0.5441343963553531,0.5524718126626192,0.7117318435754191,0.4558656036446469,0.44752818733738076,,,,,,,,,0.8817036124741858,0.8953571915626526,0.07421906761167214,57.82218109339408,48.0,35.39400269893082
2,low,llamaguard3,7024,1447,7024,0,0,1.0,0.0,0.0,7024,0,2117,4907,4907,0,0,0.30139521640091116,1.0,0.30139521640091116,0.30139521640091116,0.46318783502899025,0.6986047835990888,0.6986047835990888,,,,,,,,,0.8817036124741858,0.8953571915626526,0.07421906761167214,57.82218109339408,48.0,35.39400269893082
2,low,llamaguard_permissive,7024,1447,7024,0,0,1.0,0.0,0.0,7024,0,499,6525,6525,0,0,0.07104214123006834,1.0,0.07104214123006834,0.07104214123006834,0.13265984314768045,0.9289578587699316,0.9289578587699316,,,,0.6651902647523511,0.6513549089431763,0.09139701908712915,0.3394579567770412,0.3486451506614685,0.8817036124741858,0.8953571915626526,0.07421906761167214,57.82218109339408,48.0,35.39400269893082
2,low,mdjudge,7024,1447,7024,0,0,1.0,0.0,0.0,7024,0,0,7024,7024,0,0,0.0,,0.0,0.0,,1.0,1.0,,,,0.9984090995204747,0.9992678761482239,0.0023387938828954946,0.0015908977862027582,0.0007321813027374446,0.8817036124741858,0.8953571915626526,0.07421906761167214,57.82218109339408,48.0,35.39400269893082
2,low,nemotron,7024,1447,7024,0,0,1.0,0.0,0.0,7024,0,2316,4708,4708,0,0,0.3297266514806378,1.0,0.3297266514806378,0.3297266514806378,0.4959314775160599,0.6702733485193622,0.6702733485193622,,,,,,,,,0.8817036124741858,0.8953571915626526,0.07421906761167214,57.82218109339408,48.0,35.39400269893082
2,low,qwen3guard_gen,7024,1447,7024,0,0,1.0,0.0,0.0,7024,0,4222,2802,2802,0,0,0.6010820045558086,1.0,0.6010820045558086,0.6010820045558086,0.7508447447981504,0.3989179954441913,0.3989179954441913,,,,,,,,,0.8817036124741858,0.8953571915626526,0.07421906761167214,57.82218109339408,48.0,35.39400269893082
2,low,shieldgemma,7024,1447,289,6735,0,0.04114464692482916,0.9588553530751709,0.0,7024,0,20,269,7004,0,0,0.06920415224913495,1.0,0.0028473804100227792,0.06920415224913495,0.12944983818770228,0.9971526195899773,0.9307958477508651,,,,0.9369728589965398,0.9921875,0.1172204401187612,0.08849259478823124,0.00860595703125,0.8817036124741858,0.8953571915626526,0.07421906761167214,57.82218109339408,48.0,35.39400269893082
2,low,wildguard,7024,1447,7024,0,0,1.0,0.0,0.0,7024,0,5054,1970,1970,0,0,0.7195330296127562,1.0,0.7195330296127562,0.7195330296127562,0.8368935254181156,0.2804669703872437,0.2804669703872437,,,,0.9839968322892938,1.0,0.05920944818770542,0.7207118832495765,1.0,0.8817036124741858,0.8953571915626526,0.07421906761167214,57.82218109339408,48.0,35.39400269893082
2,low,xguard,1437,673,428,0,1009,0.2978427279053584,0.0,0.7021572720946416,1437,0,393,35,1044,0,0,0.9182242990654206,1.0,0.27348643006263046,0.9182242990654206,0.9573690621193667,0.7265135699373695,0.08177570093457943,,,,,,,,,0.8819716108202021,0.8963991105556488,0.07557079105186662,56.5080027835769,47.0,34.75388154879269
2,medium,aprielguard,2224,732,2224,0,0,1.0,0.0,0.0,2224,0,1224,1000,1000,0,0,0.5503597122302158,1.0,0.5503597122302158,0.5503597122302158,0.7099767981438515,0.44964028776978415,0.44964028776978415,,,,,,,,,0.8833168170032956,0.8955773562192917,0.06005702151951641,56.73201438848921,47.0,34.861181428191635
2,medium,crest,2224,732,2224,0,0,1.0,0.0,0.0,2224,0,1771,453,453,0,0,0.7963129496402878,1.0,0.7963129496402878,0.7963129496402878,0.8866082603254068,0.20368705035971224,0.20368705035971224,,,,0.8236303535296763,0.87109375,0.1511101486489241,0.7373674241758936,0.84765625,0.8833168170032956,0.8955773562192917,0.06005702151951641,56.73201438848921,47.0,34.861181428191635
2,medium,gpt_oss_safeguard,817,417,23,0,794,0.028151774785801713,0.0,0.9718482252141983,817,0,22,1,795,0,0,0.9565217391304348,1.0,0.02692778457772338,0.9565217391304348,0.9777777777777777,0.9730722154222766,0.043478260869565216,,,,,,,,,0.8815898351380408,0.895014613866806,0.062165962421649214,58.49938800489596,49.0,35.66415116817687
2,medium,guardreasoner,2224,732,2181,0,43,0.9806654676258992,0.0,0.01933453237410072,2224,0,1743,438,481,0,0,0.7991746905089409,1.0,0.7837230215827338,0.7991746905089409,0.8883792048929663,0.21627697841726617,0.20082530949105915,,,,,,,,,0.8833168170032956,0.8955773562192917,0.06005702151951641,56.73201438848921,47.0,34.861181428191635
2,medium,llamaguard3,2224,732,2224,0,0,1.0,0.0,0.0,2224,0,855,1369,1369,0,0,0.38444244604316546,1.0,0.38444244604316546,0.38444244604316546,0.5553751217927899,0.6155575539568345,0.6155575539568345,,,,,,,,,0.8833168170032956,0.8955773562192917,0.06005702151951641,56.73201438848921,47.0,34.861181428191635
2,medium,llamaguard_permissive,2224,732,2224,0,0,1.0,0.0,0.0,2224,0,439,1785,1785,0,0,0.19739208633093525,1.0,0.19739208633093525,0.19739208633093525,0.3297033420953811,0.8026079136690647,0.8026079136690647,,,,0.6410344941742557,0.622459352016449,0.09522519932553461,0.38070347397286686,0.3775406777858734,0.8833168170032956,0.8955773562192917,0.06005702151951641,56.73201438848921,47.0,34.861181428191635
2,medium,mdjudge,2224,732,2224,0,0,1.0,0.0,0.0,2224,0,0,2224,2224,0,0,0.0,,0.0,0.0,,1.0,1.0,,,,0.9966901601593701,0.998643547296524,0.003902857813028174,0.0033098386117652277,0.0013564431574195623,0.8833168170032956,0.8955773562192917,0.06005702151951641,56.73201438848921,47.0,34.861181428191635
2,medium,nemotron,2224,732,2224,0,0,1.0,0.0,0.0,2224,0,1149,1075,1075,0,0,0.516636690647482,1.0,0.516636690647482,0.516636690647482,0.6812926178476134,0.483363309352518,0.483363309352518,,,,,,,,,0.8833168170032956,0.8955773562192917,0.06005702151951641,56.73201438848921,47.0,34.861181428191635
2,medium,qwen3guard_gen,2224,732,2224,0,0,1.0,0.0,0.0,2224,0,1767,457,457,0,0,0.7945143884892086,1.0,0.7945143884892086,0.7945143884892086,0.8854923578050613,0.20548561151079137,0.20548561151079137,,,,,,,,,0.8833168170032956,0.8955773562192917,0.06005702151951641,56.73201438848921,47.0,34.861181428191635
2,medium,shieldgemma,2224,732,80,2144,0,0.03597122302158273,0.9640287769784173,0.0,2224,0,3,77,2221,0,0,0.0375,1.0,0.0013489208633093526,0.0375,0.07228915662650602,0.9986510791366906,0.9625,,,,0.94208984375,0.9921875,0.10904741396865215,0.07355585098266601,0.00592041015625,0.8833168170032956,0.8955773562192917,0.06005702151951641,56.73201438848921,47.0,34.861181428191635
2,medium,wildguard,2224,732,2224,0,0,1.0,0.0,0.0,2224,0,1472,752,752,0,0,0.6618705035971223,1.0,0.6618705035971223,0.6618705035971223,0.7965367965367965,0.3381294964028777,0.3381294964028777,,,,0.9688782177383094,1.0,0.08728361770729977,0.6661367770521177,1.0,0.8833168170032956,0.8955773562192917,0.06005702151951641,56.73201438848921,47.0,34.861181428191635
2,medium,xguard,424,283,87,0,337,0.20518867924528303,0.0,0.7948113207547169,424,0,85,2,339,0,0,0.9770114942528736,1.0,0.20047169811320756,0.9770114942528736,0.9883720930232558,0.7995283018867925,0.022988505747126436,,,,,,,,,0.8802458107963486,0.8943444639444351,0.06568098554171857,57.926886792452834,48.5,36.975895716586656
3,high,llamaguard3,1696,704,6,1690,0,0.003537735849056604,0.9964622641509434,0.0,1696,0,0,6,1696,0,0,0.0,,0.0,0.0,,1.0,1.0,,,,,,,,,0.8691365908884074,0.8872861117124557,0.07343857662268082,55.64858490566038,46.0,34.67307539414931
3,high,llamaguard_permissive,1696,704,1696,0,0,1.0,0.0,0.0,1696,0,440,1256,1256,0,0,0.25943396226415094,1.0,0.25943396226415094,0.25943396226415094,0.4119850187265917,0.7405660377358491,0.7405660377358491,,,,0.6306899439824639,0.622459352016449,0.09183738695758634,0.39970212239543645,0.4073334336280823,0.8691365908884074,0.8872861117124557,0.07343857662268082,55.64858490566038,46.0,34.67307539414931
3,high,nemotron,1696,704,1696,0,0,1.0,0.0,0.0,1696,0,920,776,776,0,0,0.5424528301886793,1.0,0.5424528301886793,0.5424528301886793,0.7033639143730888,0.45754716981132076,0.45754716981132076,,,,,,,,,0.8691365908884074,0.8872861117124557,0.07343857662268082,55.64858490566038,46.0,34.67307539414931
3,high,qwen3guard_gen,1696,704,1696,0,0,1.0,0.0,0.0,1696,0,1326,370,370,0,0,0.7818396226415094,1.0,0.7818396226415094,0.7818396226415094,0.8775645268034414,0.21816037735849056,0.21816037735849056,,,,,,,,,0.8691365908884074,0.8872861117124557,0.07343857662268082,55.64858490566038,46.0,34.67307539414931
3,high,wildguard,1688,703,1688,0,0,1.0,0.0,0.0,1688,0,1600,88,88,0,0,0.9478672985781991,1.0,0.9478672985781991,0.9478672985781991,0.9732360097323601,0.052132701421800945,0.052132701421800945,,,,0.9555247519253555,1.0,0.10479453948600452,0.9316249594304233,1.0,0.8691537453047048,0.8872861117124557,0.07352074078201722,55.59300947867298,46.0,34.68063625181884
3,low,llamaguard3,10149,1717,23,10126,0,0.002266233126416396,0.9977337668735836,0.0,10149,0,12,11,10137,0,0,0.5217391304347826,1.0,0.0011823825007389892,0.5217391304347826,0.6857142857142856,0.998817617499261,0.4782608695652174,,,,,,,,,0.8766886556226676,0.892191469669342,0.07905042423440968,58.87043058429402,49.0,36.87183190725037
3,low,llamaguard_permissive,10149,1717,10149,0,0,1.0,0.0,0.0,10149,0,725,9424,9424,0,0,0.07143560941964726,1.0,0.07143560941964726,0.07143560941964726,0.13334559499724113,0.9285643905803528,0.9285643905803528,,,,0.6634381848528463,0.6513549089431763,0.09110974331154133,0.34129188184665216,0.3486451506614685,0.8766886556226676,0.892191469669342,0.07905042423440968,58.87043058429402,49.0,36.87183190725037
3,low,nemotron,10149,1717,10149,0,0,1.0,0.0,0.0,10149,0,3389,6760,6760,0,0,0.3339245245837028,1.0,0.3339245245837028,0.3339245245837028,0.5006647953907519,0.6660754754162972,0.6660754754162972,,,,,,,,,0.8766886556226676,0.892191469669342,0.07905042423440968,58.87043058429402,49.0,36.87183190725037
3,low,qwen3guard_gen,10149,1717,10149,0,0,1.0,0.0,0.0,10149,0,6138,4011,4011,0,0,0.6047886491279929,1.0,0.6047886491279929,0.6047886491279929,0.7537299686866826,0.3952113508720071,0.3952113508720071,,,,,,,,,0.8766886556226676,0.892191469669342,0.07905042423440968,58.87043058429402,49.0,36.87183190725037
3,low,wildguard,10108,1712,10108,0,0,1.0,0.0,0.0,10108,0,9905,203,203,0,0,0.9799168975069252,1.0,0.9799168975069252,0.9799168975069252,0.9898565932144107,0.02008310249307479,0.02008310249307479,,,,0.9904357161406806,1.0,0.04582118078561478,0.9762497703029933,1.0,0.8766437458110473,0.8920891880989075,0.07904259487718975,58.849624060150376,49.0,36.82985277816848
3,medium,llamaguard3,3240,932,10,3230,0,0.0030864197530864196,0.9969135802469136,0.0,3240,0,4,6,3236,0,0,0.4,1.0,0.0012345679012345679,0.4,0.5714285714285715,0.9987654320987654,0.6,,,,,,,,,0.8795192875129021,0.8927885890007019,0.06356138211254955,57.94845679012346,47.0,36.11410509327995
3,medium,llamaguard_permissive,3240,932,3240,0,0,1.0,0.0,0.0,3240,0,667,2573,2573,0,0,0.20586419753086418,1.0,0.20586419753086418,0.20586419753086418,0.3414384438187868,0.7941358024691358,0.7941358024691358,,,,0.6406250813676987,0.622459352016449,0.0960467729191525,0.38159928681489863,0.3775406777858734,0.8795192875129021,0.8927885890007019,0.06356138211254955,57.94845679012346,47.0,36.11410509327995
3,medium,nemotron,3240,932,3240,0,0,1.0,0.0,0.0,3240,0,1660,1580,1580,0,0,0.5123456790123457,1.0,0.5123456790123457,0.5123456790123457,0.6775510204081633,0.4876543209876543,0.4876543209876543,,,,,,,,,0.8795192875129021,0.8927885890007019,0.06356138211254955,57.94845679012346,47.0,36.11410509327995
3,medium,qwen3guard_gen,3240,932,3240,0,0,1.0,0.0,0.0,3240,0,2563,677,677,0,0,0.7910493827160494,1.0,0.7910493827160494,0.7910493827160494,0.8833362054109943,0.20895061728395062,0.20895061728395062,,,,,,,,,0.8795192875129021,0.8927885890007019,0.06356138211254955,57.94845679012346,47.0,36.11410509327995
3,medium,wildguard,3225,930,3225,0,0,1.0,0.0,0.0,3225,0,2935,290,290,0,0,0.9100775193798449,1.0,0.9100775193798449,0.9100775193798449,0.952922077922078,0.08992248062015504,0.08992248062015504,,,,0.9482134205426357,0.99609375,0.10824413344006065,0.8942271257740583,0.99609375,0.8794544327698013,0.8927050828933716,0.06363668217020392,57.91224806201551,47.0,36.15310772192806
