k_subset,language,n_unsafe_prompts,n_models_available,best_single_model,best_single_model_short,best_single_model_recall,oracle_or_recall_any_model,missed_by_all_rate,complementarity_gap
1,English,25,12,guardreasoner,GuardReasoner,0.8,1.0,0.0,0.19999999999999996
1,Dutch,54,12,guardreasoner,GuardReasoner,0.8333333333333334,1.0,0.0,0.16666666666666663
1,Filipino (Tagalog),55,12,wildguard,WildGuard,0.8363636363636363,1.0,0.0,0.1636363636363637
1,French,54,12,wildguard,WildGuard,0.8518518518518519,1.0,0.0,0.14814814814814814
1,Czech,55,12,qwen3guard_gen,Qwen3Guard,0.8545454545454545,1.0,0.0,0.1454545454545455
1,Cebuano,70,12,crest,CREST,0.8714285714285714,1.0,0.0,0.12857142857142856
1,Catalan,55,12,wildguard,WildGuard,0.8909090909090909,0.9818181818181818,0.01818181818181818,0.09090909090909094
1,Croatian,55,12,wildguard,WildGuard,0.9272727272727272,1.0,0.0,0.07272727272727275
1,Italian,55,12,wildguard,WildGuard,0.9272727272727272,1.0,0.0,0.07272727272727275
1,Portuguese,55,12,wildguard,WildGuard,0.9272727272727272,1.0,0.0,0.07272727272727275
1,Asturian,71,12,wildguard,WildGuard,0.9436619718309859,1.0,0.0,0.05633802816901412
1,German,54,12,wildguard,WildGuard,0.9444444444444444,1.0,0.0,0.05555555555555558
1,Occitan,72,12,wildguard,WildGuard,0.9444444444444444,1.0,0.0,0.05555555555555558
1,Afrikaans,55,12,wildguard,WildGuard,0.9454545454545454,1.0,0.0,0.054545454545454564
1,Galician,55,12,wildguard,WildGuard,0.9454545454545454,1.0,0.0,0.054545454545454564
1,Hungarian,55,12,wildguard,WildGuard,0.9454545454545454,1.0,0.0,0.054545454545454564
1,Spanish,55,12,wildguard,WildGuard,0.9454545454545454,1.0,0.0,0.054545454545454564
1,Korean,51,12,wildguard,WildGuard,0.9607843137254902,1.0,0.0,0.039215686274509776
1,Romanian,54,12,wildguard,WildGuard,0.9629629629629629,1.0,0.0,0.03703703703703709
1,Bosnian,55,12,wildguard,WildGuard,0.9636363636363636,1.0,0.0,0.036363636363636376
1,Malay,55,12,wildguard,WildGuard,0.9636363636363636,1.0,0.0,0.036363636363636376
1,Slovak,55,12,wildguard,WildGuard,0.9636363636363636,1.0,0.0,0.036363636363636376
1,Swahili,53,12,wildguard,WildGuard,0.9811320754716981,1.0,0.0,0.018867924528301883
1,Finnish,54,12,wildguard,WildGuard,0.9814814814814815,1.0,0.0,0.01851851851851849
1,Polish,54,12,wildguard,WildGuard,0.9814814814814815,1.0,0.0,0.01851851851851849
1,Russian,54,12,wildguard,WildGuard,0.9814814814814815,1.0,0.0,0.01851851851851849
1,Slovenian,54,12,wildguard,WildGuard,0.9814814814814815,1.0,0.0,0.01851851851851849
1,Indonesian,55,12,wildguard,WildGuard,0.9818181818181818,1.0,0.0,0.018181818181818188
1,Irish,55,12,wildguard,WildGuard,0.9818181818181818,1.0,0.0,0.018181818181818188
1,Swedish,55,12,wildguard,WildGuard,0.9818181818181818,1.0,0.0,0.018181818181818188
1,Ukrainian,55,12,wildguard,WildGuard,0.9818181818181818,1.0,0.0,0.018181818181818188
1,Wolof,55,12,wildguard,WildGuard,0.9818181818181818,1.0,0.0,0.018181818181818188
1,Maori,67,12,wildguard,WildGuard,0.9850746268656716,1.0,0.0,0.014925373134328401
1,Amharic,53,12,wildguard,WildGuard,1.0,1.0,0.0,0.0
1,Arabic,55,12,wildguard,WildGuard,1.0,1.0,0.0,0.0
1,Armenian,56,12,wildguard,WildGuard,1.0,1.0,0.0,0.0
1,Assamese,52,12,wildguard,WildGuard,1.0,1.0,0.0,0.0
1,Azerbaijani,54,12,wildguard,WildGuard,1.0,1.0,0.0,0.0
1,Belarusian,54,12,wildguard,WildGuard,1.0,1.0,0.0,0.0
1,Bengali,53,12,wildguard,WildGuard,1.0,1.0,0.0,0.0
1,Bulgarian,54,12,wildguard,WildGuard,1.0,1.0,0.0,0.0
1,Burmese,52,12,wildguard,WildGuard,1.0,1.0,0.0,0.0
1,Chinese (Simplified),51,12,wildguard,WildGuard,1.0,1.0,0.0,0.0
1,Chinese (Traditional),48,12,wildguard,WildGuard,1.0,1.0,0.0,0.0
1,Danish,55,12,wildguard,WildGuard,1.0,1.0,0.0,0.0
1,Estonian,55,12,wildguard,WildGuard,1.0,1.0,0.0,0.0
1,Fula,55,12,wildguard,WildGuard,1.0,1.0,0.0,0.0
1,Ganda,63,12,wildguard,WildGuard,1.0,1.0,0.0,0.0
1,Georgian,47,12,wildguard,WildGuard,1.0,1.0,0.0,0.0
1,Greek,55,12,wildguard,WildGuard,1.0,1.0,0.0,0.0
1,Gujarati,56,12,wildguard,WildGuard,1.0,1.0,0.0,0.0
1,Hausa,37,12,wildguard,WildGuard,1.0,1.0,0.0,0.0
1,Hebrew,55,12,wildguard,WildGuard,1.0,1.0,0.0,0.0
1,Hindi,55,12,wildguard,WildGuard,1.0,1.0,0.0,0.0
1,Icelandic,52,12,wildguard,WildGuard,1.0,1.0,0.0,0.0
1,Igbo,65,12,wildguard,WildGuard,1.0,1.0,0.0,0.0
1,Japanese,49,12,wildguard,WildGuard,1.0,1.0,0.0,0.0
1,Javanese,53,12,wildguard,WildGuard,1.0,1.0,0.0,0.0
1,Kannada,55,12,wildguard,WildGuard,1.0,1.0,0.0,0.0
1,Kazakh,52,12,wildguard,WildGuard,1.0,1.0,0.0,0.0
1,Khmer,54,12,wildguard,WildGuard,1.0,1.0,0.0,0.0
1,Kyrgyz,51,12,wildguard,WildGuard,1.0,1.0,0.0,0.0
1,Lao,52,12,wildguard,WildGuard,1.0,1.0,0.0,0.0
1,Latvian,53,12,wildguard,WildGuard,1.0,1.0,0.0,0.0
1,Lingala,66,12,wildguard,WildGuard,1.0,1.0,0.0,0.0
1,Lithuanian,54,12,wildguard,WildGuard,1.0,1.0,0.0,0.0
1,Luo,62,12,wildguard,WildGuard,1.0,1.0,0.0,0.0
1,Luxembourgish,71,12,wildguard,WildGuard,1.0,1.0,0.0,0.0
1,Macedonian,53,12,wildguard,WildGuard,1.0,1.0,0.0,0.0
1,Malayalam,53,12,wildguard,WildGuard,1.0,1.0,0.0,0.0
1,Maltese,71,12,wildguard,WildGuard,1.0,1.0,0.0,0.0
1,Marathi,53,12,wildguard,WildGuard,1.0,1.0,0.0,0.0
1,Mongolian,49,12,wildguard,WildGuard,1.0,1.0,0.0,0.0
1,Nepali,57,12,wildguard,WildGuard,1.0,1.0,0.0,0.0
1,Northern Sotho,65,12,wildguard,WildGuard,1.0,1.0,0.0,0.0
1,Norwegian,53,12,wildguard,WildGuard,1.0,1.0,0.0,0.0
1,Nyanja,65,12,wildguard,WildGuard,1.0,1.0,0.0,0.0
1,Oriya (Odia),69,12,wildguard,WildGuard,1.0,1.0,0.0,0.0
1,Oromo,28,12,wildguard,WildGuard,1.0,1.0,0.0,0.0
1,Pashto,54,12,wildguard,WildGuard,1.0,1.0,0.0,0.0
1,Persian,54,12,wildguard,WildGuard,1.0,1.0,0.0,0.0
1,Punjabi,55,12,wildguard,WildGuard,1.0,1.0,0.0,0.0
1,Serbian,54,12,wildguard,WildGuard,1.0,1.0,0.0,0.0
1,Shona,65,12,wildguard,WildGuard,1.0,1.0,0.0,0.0
1,Sindhi,53,12,wildguard,WildGuard,1.0,1.0,0.0,0.0
1,Somali,39,12,wildguard,WildGuard,1.0,1.0,0.0,0.0
1,Sorani Kurdish,70,12,wildguard,WildGuard,1.0,1.0,0.0,0.0
1,Tajik,68,12,wildguard,WildGuard,1.0,1.0,0.0,0.0
1,Tamil,55,12,wildguard,WildGuard,1.0,1.0,0.0,0.0
1,Telugu,52,12,wildguard,WildGuard,1.0,1.0,0.0,0.0
1,Thai,51,12,wildguard,WildGuard,1.0,1.0,0.0,0.0
1,Turkish,54,12,wildguard,WildGuard,1.0,1.0,0.0,0.0
1,Urdu,54,12,wildguard,WildGuard,1.0,1.0,0.0,0.0
1,Vietnamese,55,12,wildguard,WildGuard,1.0,1.0,0.0,0.0
1,Welsh,54,12,wildguard,WildGuard,1.0,1.0,0.0,0.0
1,Xhosa,33,12,wildguard,WildGuard,1.0,1.0,0.0,0.0
1,Yoruba,63,12,wildguard,WildGuard,1.0,1.0,0.0,0.0
1,Zulu,69,12,wildguard,WildGuard,1.0,1.0,0.0,0.0
2,Urdu,106,12,crest,CREST,0.7358490566037735,0.9528301886792453,0.04716981132075472,0.21698113207547176
2,Tajik,131,12,wildguard,WildGuard,0.7786259541984732,0.9694656488549618,0.030534351145038167,0.19083969465648853
2,Mongolian,95,12,crest,CREST,0.7789473684210526,0.9578947368421052,0.042105263157894736,0.17894736842105263
2,Belarusian,103,12,crest,CREST,0.7864077669902912,0.9611650485436893,0.038834951456310676,0.1747572815533981
2,Macedonian,104,12,guardreasoner,GuardReasoner,0.8076923076923077,0.9807692307692307,0.019230769230769232,0.17307692307692302
2,Russian,105,12,guardreasoner,GuardReasoner,0.819047619047619,0.9904761904761905,0.009523809523809525,0.17142857142857149
2,Bulgarian,106,12,qwen3guard_gen,Qwen3Guard,0.8301886792452831,1.0,0.0,0.16981132075471694
2,Hebrew,107,12,qwen3guard_gen,Qwen3Guard,0.7850467289719626,0.9532710280373832,0.04672897196261682,0.16822429906542058
2,Japanese,93,12,qwen3guard_gen,Qwen3Guard,0.7849462365591398,0.946236559139785,0.053763440860215055,0.16129032258064524
2,Assamese,101,12,crest,CREST,0.7920792079207921,0.9504950495049505,0.04950495049504951,0.15841584158415833
2,Marathi,101,12,crest,CREST,0.801980198019802,0.9603960396039604,0.039603960396039604,0.15841584158415833
2,Punjabi,108,12,crest,CREST,0.7777777777777778,0.9351851851851852,0.06481481481481481,0.15740740740740744
2,Chinese (Simplified),99,12,guardreasoner,GuardReasoner,0.8282828282828283,0.9797979797979798,0.020202020202020204,0.1515151515151515
2,Lao,101,12,crest,CREST,0.8118811881188119,0.9603960396039604,0.039603960396039604,0.14851485148514842
2,Tamil,105,12,qwen3guard_gen,Qwen3Guard,0.7904761904761904,0.9333333333333333,0.06666666666666667,0.1428571428571429
2,Chinese (Traditional),91,12,guardreasoner,GuardReasoner,0.8351648351648352,0.978021978021978,0.02197802197802198,0.1428571428571428
2,Kazakh,100,12,qwen3guard_gen,Qwen3Guard,0.77,0.91,0.09,0.14
2,Ukrainian,108,12,guardreasoner,GuardReasoner,0.8425925925925926,0.9814814814814815,0.018518518518518517,0.13888888888888895
2,Telugu,101,12,crest,CREST,0.8415841584158416,0.9801980198019802,0.019801980198019802,0.13861386138613863
2,Gujarati,109,12,qwen3guard_gen,Qwen3Guard,0.8256880733944955,0.963302752293578,0.03669724770642202,0.13761467889908252
2,Thai,100,12,qwen3guard_gen,Qwen3Guard,0.82,0.95,0.05,0.13
2,Hindi,108,12,guardreasoner,GuardReasoner,0.8333333333333334,0.9629629629629629,0.037037037037037035,0.12962962962962954
2,Kannada,108,12,crest,CREST,0.8333333333333334,0.9629629629629629,0.037037037037037035,0.12962962962962954
2,Nepali,109,12,qwen3guard_gen,Qwen3Guard,0.8073394495412844,0.9357798165137615,0.06422018348623854,0.12844036697247707
2,Bengali,103,12,crest,CREST,0.8349514563106796,0.9611650485436893,0.038834951456310676,0.12621359223300976
2,Korean,97,12,crest,CREST,0.845360824742268,0.9690721649484536,0.030927835051546393,0.12371134020618557
2,Serbian,106,12,guardreasoner,GuardReasoner,0.8584905660377359,0.9811320754716981,0.018867924528301886,0.12264150943396224
2,Khmer,102,12,qwen3guard_gen,Qwen3Guard,0.7843137254901961,0.8921568627450981,0.10784313725490197,0.10784313725490202
2,Kyrgyz,97,12,crest,CREST,0.845360824742268,0.9484536082474226,0.05154639175257732,0.1030927835051546
2,Burmese,99,12,crest,CREST,0.9090909090909091,1.0,0.0,0.09090909090909094
2,Persian,105,12,wildguard,WildGuard,0.9047619047619048,0.9904761904761905,0.009523809523809525,0.08571428571428574
2,Vietnamese,105,12,crest,CREST,0.8666666666666667,0.9523809523809523,0.047619047619047616,0.08571428571428563
2,Malayalam,103,12,qwen3guard_gen,Qwen3Guard,0.8543689320388349,0.9320388349514563,0.06796116504854369,0.07766990291262144
2,Oriya (Odia),130,12,crest,CREST,0.8692307692307693,0.9461538461538461,0.05384615384615385,0.07692307692307687
2,Arabic,106,12,wildguard,WildGuard,0.9339622641509434,1.0,0.0,0.06603773584905659
2,Armenian,106,12,wildguard,WildGuard,0.9716981132075472,1.0,0.0,0.028301886792452824
2,Pashto,105,12,wildguard,WildGuard,0.9809523809523809,1.0,0.0,0.01904761904761909
2,Portuguese,108,12,wildguard,WildGuard,0.9814814814814815,1.0,0.0,0.01851851851851849
2,Sorani Kurdish,132,12,wildguard,WildGuard,0.9848484848484849,1.0,0.0,0.015151515151515138
2,Javanese,102,12,wildguard,WildGuard,0.9901960784313726,1.0,0.0,0.009803921568627416
2,Polish,105,12,wildguard,WildGuard,0.9904761904761905,1.0,0.0,0.00952380952380949
2,Italian,107,12,wildguard,WildGuard,0.9906542056074766,1.0,0.0,0.009345794392523366
2,Luo,111,12,wildguard,WildGuard,0.990990990990991,1.0,0.0,0.009009009009009028
2,Yoruba,120,12,wildguard,WildGuard,0.9916666666666667,1.0,0.0,0.008333333333333304
2,Igbo,126,12,wildguard,WildGuard,0.9920634920634921,1.0,0.0,0.007936507936507908
2,Zulu,133,12,wildguard,WildGuard,0.9924812030075187,1.0,0.0,0.007518796992481258
2,Afrikaans,108,12,wildguard,WildGuard,1.0,1.0,0.0,0.0
2,Amharic,100,12,wildguard,WildGuard,1.0,1.0,0.0,0.0
2,Asturian,139,12,wildguard,WildGuard,1.0,1.0,0.0,0.0
2,Azerbaijani,107,12,wildguard,WildGuard,1.0,1.0,0.0,0.0
2,Bosnian,104,12,wildguard,WildGuard,1.0,1.0,0.0,0.0
2,Catalan,108,12,wildguard,WildGuard,1.0,1.0,0.0,0.0
2,Cebuano,136,12,wildguard,WildGuard,1.0,1.0,0.0,0.0
2,Croatian,106,12,wildguard,WildGuard,1.0,1.0,0.0,0.0
2,Czech,107,12,wildguard,WildGuard,1.0,1.0,0.0,0.0
2,Danish,108,12,wildguard,WildGuard,1.0,1.0,0.0,0.0
2,Dutch,105,12,wildguard,WildGuard,1.0,1.0,0.0,0.0
2,English,45,12,wildguard,WildGuard,1.0,1.0,0.0,0.0
2,Estonian,106,12,wildguard,WildGuard,1.0,1.0,0.0,0.0
2,Filipino (Tagalog),108,12,wildguard,WildGuard,1.0,1.0,0.0,0.0
2,Finnish,103,12,wildguard,WildGuard,1.0,1.0,0.0,0.0
2,French,106,12,wildguard,WildGuard,1.0,1.0,0.0,0.0
2,Fula,100,12,wildguard,WildGuard,1.0,1.0,0.0,0.0
2,Galician,109,12,wildguard,WildGuard,1.0,1.0,0.0,0.0
2,Ganda,121,12,wildguard,WildGuard,1.0,1.0,0.0,0.0
2,Georgian,84,12,wildguard,WildGuard,1.0,1.0,0.0,0.0
2,German,106,12,wildguard,WildGuard,1.0,1.0,0.0,0.0
2,Greek,108,12,wildguard,WildGuard,1.0,1.0,0.0,0.0
2,Hausa,68,12,wildguard,WildGuard,1.0,1.0,0.0,0.0
2,Hungarian,105,12,wildguard,WildGuard,1.0,1.0,0.0,0.0
2,Icelandic,100,12,wildguard,WildGuard,1.0,1.0,0.0,0.0
2,Indonesian,109,12,wildguard,WildGuard,1.0,1.0,0.0,0.0
2,Irish,107,12,wildguard,WildGuard,1.0,1.0,0.0,0.0
2,Latvian,103,12,wildguard,WildGuard,1.0,1.0,0.0,0.0
2,Lingala,125,12,wildguard,WildGuard,1.0,1.0,0.0,0.0
2,Lithuanian,103,12,wildguard,WildGuard,1.0,1.0,0.0,0.0
2,Luxembourgish,139,12,wildguard,WildGuard,1.0,1.0,0.0,0.0
2,Malay,108,12,wildguard,WildGuard,1.0,1.0,0.0,0.0
2,Maltese,138,12,wildguard,WildGuard,1.0,1.0,0.0,0.0
2,Maori,128,12,wildguard,WildGuard,1.0,1.0,0.0,0.0
2,Northern Sotho,126,12,wildguard,WildGuard,1.0,1.0,0.0,0.0
2,Norwegian,103,12,wildguard,WildGuard,1.0,1.0,0.0,0.0
2,Nyanja,125,12,wildguard,WildGuard,1.0,1.0,0.0,0.0
2,Occitan,134,12,wildguard,WildGuard,1.0,1.0,0.0,0.0
2,Oromo,51,12,wildguard,WildGuard,1.0,1.0,0.0,0.0
2,Romanian,107,12,wildguard,WildGuard,1.0,1.0,0.0,0.0
2,Shona,127,12,wildguard,WildGuard,1.0,1.0,0.0,0.0
2,Sindhi,102,12,wildguard,WildGuard,1.0,1.0,0.0,0.0
2,Slovak,108,12,wildguard,WildGuard,1.0,1.0,0.0,0.0
2,Slovenian,102,12,wildguard,WildGuard,1.0,1.0,0.0,0.0
2,Somali,74,12,wildguard,WildGuard,1.0,1.0,0.0,0.0
2,Spanish,108,12,wildguard,WildGuard,1.0,1.0,0.0,0.0
2,Swahili,104,12,wildguard,WildGuard,1.0,1.0,0.0,0.0
2,Swedish,108,12,wildguard,WildGuard,1.0,1.0,0.0,0.0
2,Turkish,105,12,wildguard,WildGuard,1.0,1.0,0.0,0.0
2,Welsh,107,12,wildguard,WildGuard,1.0,1.0,0.0,0.0
2,Wolof,104,12,wildguard,WildGuard,1.0,1.0,0.0,0.0
2,Xhosa,60,12,wildguard,WildGuard,1.0,1.0,0.0,0.0
3,Bengali,152,5,qwen3guard_gen,Qwen3Guard,0.7960526315789473,0.9802631578947368,0.019736842105263157,0.1842105263157895
3,Russian,152,5,qwen3guard_gen,Qwen3Guard,0.8092105263157895,0.9802631578947368,0.019736842105263157,0.17105263157894735
3,Assamese,149,5,wildguard,WildGuard,0.7919463087248322,0.959731543624161,0.040268456375838924,0.16778523489932884
3,Persian,155,5,qwen3guard_gen,Qwen3Guard,0.8064516129032258,0.9741935483870968,0.025806451612903226,0.16774193548387106
3,Arabic,152,5,wildguard,WildGuard,0.8013245033112583,0.9671052631578947,0.03289473684210526,0.16578075984663643
3,Hebrew,154,5,qwen3guard_gen,Qwen3Guard,0.8116883116883117,0.948051948051948,0.05194805194805195,0.13636363636363635
3,Thai,147,5,qwen3guard_gen,Qwen3Guard,0.8095238095238095,0.9319727891156463,0.06802721088435375,0.12244897959183676
3,Malayalam,150,5,wildguard,WildGuard,0.86,0.98,0.02,0.12
3,Chinese (Simplified),145,5,wildguard,WildGuard,0.8819444444444444,0.993103448275862,0.006896551724137931,0.11115900383141764
3,Swedish,158,5,wildguard,WildGuard,0.8670886075949367,0.9556962025316456,0.04430379746835443,0.08860759493670889
3,Mongolian,139,5,qwen3guard_gen,Qwen3Guard,0.5971223021582733,0.6618705035971223,0.3381294964028777,0.06474820143884896
3,Bulgarian,156,5,wildguard,WildGuard,0.9612903225806452,0.9935897435897436,0.00641025641025641,0.03229942100909844
3,Armenian,154,5,wildguard,WildGuard,0.9545454545454546,0.9805194805194806,0.01948051948051948,0.025974025974025983
3,English,64,5,wildguard,WildGuard,0.984375,1.0,0.0,0.015625
3,Norwegian,151,5,wildguard,WildGuard,0.9867549668874173,1.0,0.0,0.013245033112582738
3,Gujarati,157,5,wildguard,WildGuard,0.9871794871794872,1.0,0.0,0.012820512820512775
3,Ukrainian,158,5,wildguard,WildGuard,0.9810126582278481,0.9936708860759493,0.006329113924050633,0.012658227848101222
3,Occitan,191,5,wildguard,WildGuard,0.9894736842105263,1.0,0.0,0.010526315789473717
3,Icelandic,145,5,wildguard,WildGuard,0.9930555555555556,1.0,0.0,0.00694444444444442
3,Marathi,146,5,wildguard,WildGuard,0.993103448275862,1.0,0.0,0.006896551724137945
3,Tamil,151,5,wildguard,WildGuard,0.9933333333333333,1.0,0.0,0.00666666666666671
3,Macedonian,152,5,wildguard,WildGuard,0.993421052631579,1.0,0.0,0.006578947368421018
3,Pashto,152,5,wildguard,WildGuard,0.993421052631579,1.0,0.0,0.006578947368421018
3,Spanish,156,5,wildguard,WildGuard,0.987012987012987,0.9935897435897436,0.00641025641025641,0.006576756576756604
3,Malay,155,5,wildguard,WildGuard,0.9934640522875817,1.0,0.0,0.006535947712418277
3,Turkish,154,5,wildguard,WildGuard,0.9934640522875817,1.0,0.0,0.006535947712418277
3,Danish,157,5,wildguard,WildGuard,0.9807692307692307,0.9872611464968153,0.012738853503184714,0.006491915727584563
3,Azerbaijani,155,5,wildguard,WildGuard,0.9935483870967742,1.0,0.0,0.006451612903225823
3,German,155,5,wildguard,WildGuard,0.9935483870967742,1.0,0.0,0.006451612903225823
3,Catalan,158,5,wildguard,WildGuard,0.9935897435897436,1.0,0.0,0.0064102564102563875
3,Afrikaans,157,5,wildguard,WildGuard,0.9936305732484076,1.0,0.0,0.006369426751592355
3,Portuguese,157,5,wildguard,WildGuard,0.9872611464968153,0.9936305732484076,0.006369426751592357,0.006369426751592355
3,Indonesian,160,5,wildguard,WildGuard,0.99375,1.0,0.0,0.006249999999999978
3,Oriya (Odia),189,5,wildguard,WildGuard,0.9946808510638298,1.0,0.0,0.005319148936170248
3,Dutch,152,5,wildguard,WildGuard,0.9867549668874173,0.9868421052631579,0.013157894736842105,8.713837574059191e-05
3,Romanian,157,5,wildguard,WildGuard,0.9935897435897436,0.9936305732484076,0.006369426751592357,4.082965866403221e-05
3,Asturian,199,5,wildguard,WildGuard,1.0,1.0,0.0,0.0
3,Bosnian,151,5,wildguard,WildGuard,1.0,1.0,0.0,0.0
3,Burmese,142,5,wildguard,WildGuard,1.0,1.0,0.0,0.0
3,Cebuano,194,5,wildguard,WildGuard,1.0,1.0,0.0,0.0
3,Chinese (Traditional),128,5,wildguard,WildGuard,1.0,1.0,0.0,0.0
3,Croatian,155,5,wildguard,WildGuard,1.0,1.0,0.0,0.0
3,Czech,155,5,wildguard,WildGuard,1.0,1.0,0.0,0.0
3,Estonian,154,5,wildguard,WildGuard,1.0,1.0,0.0,0.0
3,Finnish,151,5,wildguard,WildGuard,1.0,1.0,0.0,0.0
3,Fula,145,5,wildguard,WildGuard,1.0,1.0,0.0,0.0
3,Galician,159,5,wildguard,WildGuard,1.0,1.0,0.0,0.0
3,Ganda,170,5,wildguard,WildGuard,1.0,1.0,0.0,0.0
3,Georgian,116,5,wildguard,WildGuard,1.0,1.0,0.0,0.0
3,Greek,157,5,wildguard,WildGuard,1.0,1.0,0.0,0.0
3,Hausa,95,5,wildguard,WildGuard,1.0,1.0,0.0,0.0
3,Hindi,156,5,wildguard,WildGuard,0.9935897435897436,0.9935897435897436,0.00641025641025641,0.0
3,Hungarian,151,5,wildguard,WildGuard,0.9801324503311258,0.9801324503311258,0.019867549668874173,0.0
3,Irish,153,5,wildguard,WildGuard,1.0,1.0,0.0,0.0
3,Japanese,134,5,wildguard,WildGuard,1.0,1.0,0.0,0.0
3,Javanese,147,5,wildguard,WildGuard,1.0,1.0,0.0,0.0
3,Kannada,156,5,wildguard,WildGuard,1.0,1.0,0.0,0.0
3,Kazakh,146,5,wildguard,WildGuard,1.0,1.0,0.0,0.0
3,Khmer,147,5,wildguard,WildGuard,1.0,1.0,0.0,0.0
3,Korean,141,5,wildguard,WildGuard,1.0,1.0,0.0,0.0
3,Kyrgyz,138,5,wildguard,WildGuard,0.9782608695652174,0.9782608695652174,0.021739130434782608,0.0
3,Lao,149,5,wildguard,WildGuard,1.0,1.0,0.0,0.0
3,Latvian,149,5,wildguard,WildGuard,1.0,1.0,0.0,0.0
3,Lithuanian,150,5,wildguard,WildGuard,1.0,1.0,0.0,0.0
3,Luxembourgish,198,5,wildguard,WildGuard,1.0,1.0,0.0,0.0
3,Maltese,199,5,wildguard,WildGuard,1.0,1.0,0.0,0.0
3,Nepali,158,5,wildguard,WildGuard,1.0,1.0,0.0,0.0
3,Polish,151,5,wildguard,WildGuard,1.0,1.0,0.0,0.0
3,Punjabi,155,5,wildguard,WildGuard,1.0,1.0,0.0,0.0
3,Serbian,158,5,wildguard,WildGuard,1.0,1.0,0.0,0.0
3,Shona,184,5,wildguard,WildGuard,1.0,1.0,0.0,0.0
3,Sindhi,148,5,wildguard,WildGuard,1.0,1.0,0.0,0.0
3,Slovak,157,5,wildguard,WildGuard,1.0,1.0,0.0,0.0
3,Somali,108,5,wildguard,WildGuard,1.0,1.0,0.0,0.0
3,Sorani Kurdish,187,5,wildguard,WildGuard,1.0,1.0,0.0,0.0
3,Swahili,153,5,wildguard,WildGuard,0.9934640522875817,0.9934640522875817,0.006535947712418301,0.0
3,Tajik,188,5,wildguard,WildGuard,0.9946808510638298,0.9946808510638298,0.005319148936170213,0.0
3,Telugu,148,5,wildguard,WildGuard,1.0,1.0,0.0,0.0
3,Urdu,153,5,wildguard,WildGuard,1.0,1.0,0.0,0.0
3,Vietnamese,151,5,wildguard,WildGuard,1.0,1.0,0.0,0.0
3,Wolof,148,5,wildguard,WildGuard,1.0,1.0,0.0,0.0
3,Xhosa,87,5,wildguard,WildGuard,1.0,1.0,0.0,0.0
3,Yoruba,170,5,wildguard,WildGuard,1.0,1.0,0.0,0.0
3,Zulu,192,5,wildguard,WildGuard,1.0,0.9947916666666666,0.005208333333333333,-0.00520833333333337
3,Maori,185,5,wildguard,WildGuard,1.0,0.9945945945945946,0.005405405405405406,-0.00540540540540535
3,Igbo,184,5,wildguard,WildGuard,1.0,0.9945652173913043,0.005434782608695652,-0.005434782608695676
3,Northern Sotho,183,5,wildguard,WildGuard,1.0,0.994535519125683,0.00546448087431694,-0.005464480874316946
3,Lingala,177,5,wildguard,WildGuard,1.0,0.9943502824858758,0.005649717514124294,-0.005649717514124242
3,Filipino (Tagalog),157,5,wildguard,WildGuard,0.9935483870967742,0.9872611464968153,0.012738853503184714,-0.006287240599958888
3,French,157,5,wildguard,WildGuard,1.0,0.9936305732484076,0.006369426751592357,-0.006369426751592355
3,Italian,155,5,wildguard,WildGuard,1.0,0.9935483870967742,0.0064516129032258064,-0.006451612903225823
3,Belarusian,149,5,wildguard,WildGuard,1.0,0.9932885906040269,0.006711409395973154,-0.006711409395973145
3,Slovenian,147,5,wildguard,WildGuard,1.0,0.9931972789115646,0.006802721088435374,-0.006802721088435382
3,Amharic,146,5,wildguard,WildGuard,1.0,0.9931506849315068,0.00684931506849315,-0.006849315068493178
3,Nyanja,184,5,wildguard,WildGuard,1.0,0.9891304347826086,0.010869565217391304,-0.010869565217391353
3,Luo,157,5,wildguard,WildGuard,1.0,0.9872611464968153,0.012738853503184714,-0.01273885350318471
3,Oromo,74,5,wildguard,WildGuard,1.0,0.9864864864864865,0.013513513513513514,-0.013513513513513487
3,Welsh,157,5,wildguard,WildGuard,1.0,0.9808917197452229,0.01910828025477707,-0.019108280254777066
