k_subset,combined_score_bin,classifier_name,evasion_rate_strict,unsafe_recall_strict,n
1,<=.70,aprielguard,0.6923076923076923,0.3076923076923077,52
1,<=.70,crest,0.40384615384615385,0.5961538461538461,52
1,<=.70,gpt_oss_safeguard,1.0,0.0,46
1,<=.70,guardreasoner,0.5769230769230769,0.4230769230769231,52
1,<=.70,llamaguard3,0.8461538461538461,0.15384615384615385,52
1,<=.70,llamaguard_permissive,0.8653846153846154,0.1346153846153846,52
1,<=.70,mdjudge,1.0,0.0,52
1,<=.70,nemotron,0.8653846153846154,0.1346153846153846,52
1,<=.70,qwen3guard_gen,0.6538461538461539,0.34615384615384615,52
1,<=.70,shieldgemma,1.0,0.0,52
1,<=.70,wildguard,0.1346153846153846,0.8653846153846154,52
1,<=.70,xguard,0.8269230769230769,0.17307692307692307,52
1,.70-.80,aprielguard,0.7481751824817519,0.2518248175182482,548
1,.70-.80,crest,0.36313868613138683,0.6368613138686131,548
1,.70-.80,gpt_oss_safeguard,1.0,0.0,501
1,.70-.80,guardreasoner,0.5,0.5,548
1,.70-.80,llamaguard3,0.7554744525547445,0.24452554744525548,548
1,.70-.80,llamaguard_permissive,0.9142335766423357,0.08576642335766424,548
1,.70-.80,mdjudge,1.0,0.0,548
1,.70-.80,nemotron,0.791970802919708,0.20802919708029197,548
1,.70-.80,qwen3guard_gen,0.5401459854014599,0.45985401459854014,548
1,.70-.80,shieldgemma,0.9744525547445255,0.025547445255474453,548
1,.70-.80,wildguard,0.012773722627737226,0.9872262773722628,548
1,.70-.80,xguard,0.822992700729927,0.177007299270073,548
1,.80-.85,aprielguard,0.5413153456998314,0.45868465430016864,1186
1,.80-.85,crest,0.25379426644182124,0.7462057335581788,1186
1,.80-.85,gpt_oss_safeguard,0.9953007518796992,0.004699248120300752,1064
1,.80-.85,guardreasoner,0.3617200674536256,0.6382799325463744,1186
1,.80-.85,llamaguard3,0.6450252951096122,0.35497470489038785,1186
1,.80-.85,llamaguard_permissive,0.8642495784148398,0.1357504215851602,1186
1,.80-.85,mdjudge,1.0,0.0,1186
1,.80-.85,nemotron,0.5682967959527825,0.4317032040472175,1186
1,.80-.85,qwen3guard_gen,0.2782462057335582,0.7217537942664418,1186
1,.80-.85,shieldgemma,0.9013490725126475,0.09865092748735245,1186
1,.80-.85,wildguard,0.025295109612141653,0.9747048903878583,1186
1,.80-.85,xguard,0.6644182124789207,0.33558178752107926,1186
1,.85-.90,aprielguard,0.622568093385214,0.377431906614786,1028
1,.85-.90,crest,0.2928015564202335,0.7071984435797666,1028
1,.85-.90,gpt_oss_safeguard,0.994535519125683,0.00546448087431694,915
1,.85-.90,guardreasoner,0.4046692607003891,0.5953307392996109,1028
1,.85-.90,llamaguard3,0.7042801556420234,0.29571984435797666,1028
1,.85-.90,llamaguard_permissive,0.8832684824902723,0.11673151750972763,1028
1,.85-.90,mdjudge,1.0,0.0,1028
1,.85-.90,nemotron,0.664396887159533,0.3356031128404669,1028
1,.85-.90,qwen3guard_gen,0.4085603112840467,0.5914396887159533,1028
1,.85-.90,shieldgemma,0.9367704280155642,0.0632295719844358,1028
1,.85-.90,wildguard,0.026264591439688716,0.9737354085603113,1028
1,.85-.90,xguard,0.7237354085603113,0.27626459143968873,1028
1,.90-.95,aprielguard,0.5456892101187403,0.45431078988125967,1937
1,.90-.95,crest,0.21579762519359835,0.7842023748064016,1937
1,.90-.95,gpt_oss_safeguard,0.9930715935334873,0.006928406466512702,1732
1,.90-.95,guardreasoner,0.35054207537429016,0.6494579246257098,1937
1,.90-.95,llamaguard3,0.6448115642746515,0.3551884357253485,1937
1,.90-.95,llamaguard_permissive,0.8781621063500258,0.12183789364997419,1937
1,.90-.95,mdjudge,1.0,0.0,1937
1,.90-.95,nemotron,0.5699535363964894,0.43004646360351056,1937
1,.90-.95,qwen3guard_gen,0.27413526071244193,0.7258647392875581,1937
1,.90-.95,shieldgemma,0.8967475477542591,0.10325245224574084,1937
1,.90-.95,wildguard,0.021683014971605574,0.9783169850283944,1937
1,.90-.95,xguard,0.6473928755807951,0.35260712441920494,1937
1,>.95,aprielguard,0.6211656441717791,0.37883435582822084,652
1,>.95,crest,0.28680981595092025,0.7131901840490797,652
1,>.95,gpt_oss_safeguard,0.9965156794425087,0.003484320557491289,574
1,>.95,guardreasoner,0.3696319018404908,0.6303680981595092,652
1,>.95,llamaguard3,0.6671779141104295,0.3328220858895706,652
1,>.95,llamaguard_permissive,0.9187116564417178,0.08128834355828221,652
1,>.95,mdjudge,1.0,0.0,652
1,>.95,nemotron,0.5904907975460123,0.40950920245398775,652
1,>.95,qwen3guard_gen,0.3696319018404908,0.6303680981595092,652
1,>.95,shieldgemma,0.9202453987730062,0.07975460122699386,652
1,>.95,wildguard,0.032208588957055216,0.9677914110429447,652
1,>.95,xguard,0.7116564417177914,0.2883435582822086,652
2,<=.70,aprielguard,0.695906432748538,0.30409356725146197,171
2,<=.70,crest,0.45614035087719296,0.543859649122807,171
2,<=.70,gpt_oss_safeguard,0.972972972972973,0.02702702702702703,74
2,<=.70,guardreasoner,0.40350877192982454,0.5964912280701754,171
2,<=.70,llamaguard3,0.8538011695906432,0.14619883040935672,171
2,<=.70,llamaguard_permissive,0.8830409356725146,0.11695906432748537,171
2,<=.70,mdjudge,1.0,0.0,171
2,<=.70,nemotron,0.8187134502923976,0.18128654970760233,171
2,<=.70,qwen3guard_gen,0.5964912280701754,0.40350877192982454,171
2,<=.70,shieldgemma,1.0,0.0,171
2,<=.70,wildguard,0.13450292397660818,0.8654970760233918,171
2,<=.70,xguard,0.8205128205128205,0.1794871794871795,39
2,.70-.80,aprielguard,0.727120067170445,0.27287993282955497,1191
2,.70-.80,crest,0.35684298908480266,0.6431570109151973,1191
2,.70-.80,gpt_oss_safeguard,0.98068669527897,0.019313304721030045,466
2,.70-.80,guardreasoner,0.473551637279597,0.5264483627204031,1191
2,.70-.80,llamaguard3,0.7439126784214946,0.25608732157850544,1191
2,.70-.80,llamaguard_permissive,0.8975650713685979,0.10243492863140219,1191
2,.70-.80,mdjudge,1.0,0.0,1191
2,.70-.80,nemotron,0.7556675062972292,0.24433249370277077,1191
2,.70-.80,qwen3guard_gen,0.5188916876574308,0.4811083123425693,1191
2,.70-.80,shieldgemma,0.9991603694374476,0.0008396305625524769,1191
2,.70-.80,wildguard,0.18639798488664988,0.8136020151133502,1191
2,.70-.80,xguard,0.7511111111111111,0.24888888888888888,225
2,.80-.85,aprielguard,0.5446546414430269,0.45534535855697317,2273
2,.80-.85,crest,0.24725032996040475,0.7527496700395953,2273
2,.80-.85,gpt_oss_safeguard,0.9923913043478261,0.007608695652173913,920
2,.80-.85,guardreasoner,0.35371755389353277,0.6462824461064672,2273
2,.80-.85,llamaguard3,0.6445226572811262,0.3554773427188737,2273
2,.80-.85,llamaguard_permissive,0.8552573691157062,0.14474263088429387,2273
2,.80-.85,mdjudge,1.0,0.0,2273
2,.80-.85,nemotron,0.568851737791465,0.43114826220853497,2273
2,.80-.85,qwen3guard_gen,0.278926528816542,0.721073471183458,2273
2,.80-.85,shieldgemma,0.9986801583809943,0.0013198416190057193,2273
2,.80-.85,wildguard,0.37571491421029474,0.6242850857897052,2273
2,.80-.85,xguard,0.7531380753138075,0.24686192468619247,478
2,.85-.90,aprielguard,0.6226950354609929,0.3773049645390071,2115
2,.85-.90,crest,0.2861873226111637,0.7138126773888364,2114
2,.85-.90,gpt_oss_safeguard,0.9780487804878049,0.02195121951219512,820
2,.85-.90,guardreasoner,0.41040189125295506,0.5895981087470449,2115
2,.85-.90,llamaguard3,0.6884160756501182,0.3115839243498818,2115
2,.85-.90,llamaguard_permissive,0.8695035460992908,0.13049645390070921,2115
2,.85-.90,mdjudge,1.0,0.0,2115
2,.85-.90,nemotron,0.6335697399527187,0.3664302600472813,2115
2,.85-.90,qwen3guard_gen,0.3796690307328605,0.6203309692671395,2115
2,.85-.90,shieldgemma,0.9962174940898345,0.0037825059101654845,2115
2,.85-.90,wildguard,0.30591016548463357,0.6940898345153664,2115
2,.85-.90,xguard,0.7623529411764706,0.2376470588235294,425
2,.90-.95,aprielguard,0.544296631757713,0.455703368242287,3533
2,.90-.95,crest,0.21369940560430228,0.7863005943956977,3533
2,.90-.95,gpt_oss_safeguard,0.9777138749101366,0.02228612508986341,1391
2,.90-.95,guardreasoner,0.34305123124823095,0.656948768751769,3533
2,.90-.95,llamaguard3,0.6444947636569488,0.35550523634305126,3533
2,.90-.95,llamaguard_permissive,0.8867817718652703,0.11321822813472969,3533
2,.90-.95,mdjudge,1.0,0.0,3533
2,.90-.95,nemotron,0.5547693178601755,0.44523068213982453,3533
2,.90-.95,qwen3guard_gen,0.27172374752335127,0.7282762524766487,3533
2,.90-.95,shieldgemma,0.9963204075856212,0.003679592414378715,3533
2,.90-.95,wildguard,0.3201245400509482,0.6798754599490519,3533
2,.90-.95,xguard,0.7231638418079096,0.2768361581920904,708
2,>.95,aprielguard,0.6346830985915493,0.3653169014084507,1136
2,>.95,crest,0.272887323943662,0.727112676056338,1136
2,>.95,gpt_oss_safeguard,0.9846827133479212,0.015317286652078774,457
2,>.95,guardreasoner,0.3653169014084507,0.6346830985915493,1136
2,>.95,llamaguard3,0.6663732394366197,0.3336267605633803,1136
2,>.95,llamaguard_permissive,0.9163732394366197,0.08362676056338028,1136
2,>.95,mdjudge,1.0,0.0,1136
2,>.95,nemotron,0.6065140845070423,0.39348591549295775,1136
2,>.95,qwen3guard_gen,0.3609154929577465,0.6390845070422535,1136
2,>.95,shieldgemma,0.9955985915492958,0.0044014084507042256,1136
2,>.95,wildguard,0.2623239436619718,0.7376760563380281,1136
2,>.95,xguard,0.7106382978723405,0.28936170212765955,235
3,<=.70,llamaguard3,1.0,0.0,357
3,<=.70,llamaguard_permissive,0.907563025210084,0.09243697478991597,357
3,<=.70,nemotron,0.8095238095238095,0.19047619047619047,357
3,<=.70,qwen3guard_gen,0.5910364145658263,0.40896358543417366,357
3,<=.70,wildguard,0.01971830985915493,0.9802816901408451,355
3,.70-.80,llamaguard3,1.0,0.0,1837
3,.70-.80,llamaguard_permissive,0.8873162765378334,0.11268372346216658,1837
3,.70-.80,nemotron,0.7452367991290147,0.2547632008709853,1837
3,.70-.80,qwen3guard_gen,0.5106151333696244,0.4893848666303756,1837
3,.70-.80,wildguard,0.015821058374249863,0.9841789416257501,1833
3,.80-.85,llamaguard3,0.9981834695731153,0.0018165304268846503,3303
3,.80-.85,llamaguard_permissive,0.851952770208901,0.148047229791099,3303
3,.80-.85,nemotron,0.5719043293975175,0.4280956706024826,3303
3,.80-.85,qwen3guard_gen,0.27823191038449896,0.7217680896155011,3303
3,.80-.85,wildguard,0.05195989061075661,0.9480401093892434,3291
3,.85-.90,llamaguard3,0.9990491283676703,0.0009508716323296355,3155
3,.85-.90,llamaguard_permissive,0.8709984152139462,0.1290015847860539,3155
3,.85-.90,nemotron,0.6218700475435817,0.3781299524564184,3155
3,.85-.90,qwen3guard_gen,0.3584786053882726,0.6415213946117274,3155
3,.85-.90,wildguard,0.042688754380375914,0.9573112456196241,3139
3,.90-.95,llamaguard3,0.9993875051041241,0.0006124948958758677,4898
3,.90-.95,llamaguard_permissive,0.8846467946100449,0.11535320538995508,4898
3,.90-.95,nemotron,0.54593711719069,0.4540628828093099,4898
3,.90-.95,qwen3guard_gen,0.2645977950183748,0.7354022049816251,4898
3,.90-.95,wildguard,0.042265080016413624,0.9577349199835864,4874
3,>.95,llamaguard3,0.9973924380704041,0.002607561929595828,1534
3,>.95,llamaguard_permissive,0.9146023468057366,0.08539765319426336,1534
3,>.95,nemotron,0.6075619295958279,0.3924380704041721,1534
3,>.95,qwen3guard_gen,0.3663624511082138,0.6336375488917861,1534
3,>.95,wildguard,0.02225130890052356,0.9777486910994765,1528
