k_subset,prompt_len_bin,classifier_name,evasion_rate_strict,unsafe_recall_strict,n,mean_prompt_len
1,"(0.999, 31.0]",aprielguard,0.6678733031674208,0.33212669683257917,1105,24.589140271493214
1,"(0.999, 31.0]",crest,0.3429864253393665,0.6570135746606335,1105,24.589140271493214
1,"(0.999, 31.0]",gpt_oss_safeguard,0.9989806320081549,0.0010193679918450561,981,24.612640163098877
1,"(0.999, 31.0]",guardreasoner,0.36470588235294116,0.6352941176470588,1105,24.589140271493214
1,"(0.999, 31.0]",llamaguard3,0.7502262443438914,0.2497737556561086,1105,24.589140271493214
1,"(0.999, 31.0]",llamaguard_permissive,0.9239819004524887,0.0760180995475113,1105,24.589140271493214
1,"(0.999, 31.0]",mdjudge,1.0,0.0,1105,24.589140271493214
1,"(0.999, 31.0]",nemotron,0.681447963800905,0.318552036199095,1105,24.589140271493214
1,"(0.999, 31.0]",qwen3guard_gen,0.46244343891402717,0.5375565610859728,1105,24.589140271493214
1,"(0.999, 31.0]",shieldgemma,0.8832579185520362,0.1167420814479638,1105,24.589140271493214
1,"(0.999, 31.0]",wildguard,0.034389140271493215,0.9656108597285068,1105,24.589140271493214
1,"(0.999, 31.0]",xguard,0.7085972850678733,0.2914027149321267,1105,24.589140271493214
1,"(31.0, 42.0]",aprielguard,0.5571177504393673,0.4428822495606327,1138,37.19683655536028
1,"(31.0, 42.0]",crest,0.22231985940246046,0.7776801405975395,1138,37.19683655536028
1,"(31.0, 42.0]",gpt_oss_safeguard,0.9911154985192497,0.008884501480750246,1013,37.1964461994077
1,"(31.0, 42.0]",guardreasoner,0.3954305799648506,0.6045694200351494,1138,37.19683655536028
1,"(31.0, 42.0]",llamaguard3,0.6704745166959578,0.3295254833040422,1138,37.19683655536028
1,"(31.0, 42.0]",llamaguard_permissive,0.9217926186291739,0.07820738137082602,1138,37.19683655536028
1,"(31.0, 42.0]",mdjudge,1.0,0.0,1138,37.19683655536028
1,"(31.0, 42.0]",nemotron,0.5940246045694201,0.40597539543058,1138,37.19683655536028
1,"(31.0, 42.0]",qwen3guard_gen,0.343585237258348,0.656414762741652,1138,37.19683655536028
1,"(31.0, 42.0]",shieldgemma,0.9103690685413005,0.08963093145869948,1138,37.19683655536028
1,"(31.0, 42.0]",wildguard,0.020210896309314587,0.9797891036906854,1138,37.19683655536028
1,"(31.0, 42.0]",xguard,0.6695957820738138,0.3304042179261863,1138,37.19683655536028
1,"(42.0, 54.0]",aprielguard,0.6319569120287253,0.36804308797127466,1114,48.06193895870736
1,"(42.0, 54.0]",crest,0.2504488330341113,0.7495511669658886,1114,48.06193895870736
1,"(42.0, 54.0]",gpt_oss_safeguard,0.9920870425321464,0.00791295746785361,1011,48.07715133531157
1,"(42.0, 54.0]",guardreasoner,0.39587073608617596,0.604129263913824,1114,48.06193895870736
1,"(42.0, 54.0]",llamaguard3,0.7154398563734291,0.2845601436265709,1114,48.06193895870736
1,"(42.0, 54.0]",llamaguard_permissive,0.8653500897666068,0.13464991023339318,1114,48.06193895870736
1,"(42.0, 54.0]",mdjudge,1.0,0.0,1114,48.06193895870736
1,"(42.0, 54.0]",nemotron,0.6499102333931778,0.3500897666068223,1114,48.06193895870736
1,"(42.0, 54.0]",qwen3guard_gen,0.29084380610412924,0.7091561938958707,1114,48.06193895870736
1,"(42.0, 54.0]",shieldgemma,0.9183123877917415,0.08168761220825853,1114,48.06193895870736
1,"(42.0, 54.0]",wildguard,0.026032315978456014,0.973967684021544,1114,48.06193895870736
1,"(42.0, 54.0]",xguard,0.6804308797127468,0.31956912028725315,1114,48.06193895870736
1,"(54.0, 74.0]",aprielguard,0.5371747211895911,0.4628252788104089,1076,64.77695167286245
1,"(54.0, 74.0]",crest,0.22490706319702602,0.775092936802974,1076,64.77695167286245
1,"(54.0, 74.0]",gpt_oss_safeguard,0.9968814968814969,0.0031185031185031187,962,64.72972972972973
1,"(54.0, 74.0]",guardreasoner,0.4117100371747212,0.5882899628252788,1076,64.77695167286245
1,"(54.0, 74.0]",llamaguard3,0.6189591078066915,0.38104089219330856,1076,64.77695167286245
1,"(54.0, 74.0]",llamaguard_permissive,0.9005576208178439,0.09944237918215613,1076,64.77695167286245
1,"(54.0, 74.0]",mdjudge,1.0,0.0,1076,64.77695167286245
1,"(54.0, 74.0]",nemotron,0.5594795539033457,0.44052044609665425,1076,64.77695167286245
1,"(54.0, 74.0]",qwen3guard_gen,0.3150557620817844,0.6849442379182156,1076,64.77695167286245
1,"(54.0, 74.0]",shieldgemma,0.9302973977695167,0.06970260223048327,1076,64.77695167286245
1,"(54.0, 74.0]",wildguard,0.02695167286245353,0.9730483271375465,1076,64.77695167286245
1,"(54.0, 74.0]",xguard,0.6868029739776952,0.3131970260223048,1076,64.77695167286245
1,"(74.0, 496.0]",aprielguard,0.5525773195876289,0.44742268041237115,970,110.57422680412371
1,"(74.0, 496.0]",crest,0.2824742268041237,0.7175257731958763,970,110.57422680412371
1,"(74.0, 496.0]",gpt_oss_safeguard,0.9965317919075144,0.003468208092485549,865,110.37803468208092
1,"(74.0, 496.0]",guardreasoner,0.3422680412371134,0.6577319587628866,970,110.57422680412371
1,"(74.0, 496.0]",llamaguard3,0.5938144329896907,0.4061855670103093,970,110.57422680412371
1,"(74.0, 496.0]",llamaguard_permissive,0.8,0.2,970,110.57422680412371
1,"(74.0, 496.0]",mdjudge,1.0,0.0,970,110.57422680412371
1,"(74.0, 496.0]",nemotron,0.5876288659793815,0.41237113402061853,970,110.57422680412371
1,"(74.0, 496.0]",qwen3guard_gen,0.2958762886597938,0.7041237113402062,970,110.57422680412371
1,"(74.0, 496.0]",shieldgemma,0.9474226804123711,0.05257731958762887,970,110.57422680412371
1,"(74.0, 496.0]",wildguard,0.015463917525773196,0.9845360824742269,970,110.57422680412371
1,"(74.0, 496.0]",xguard,0.7237113402061855,0.27628865979381445,970,110.57422680412371
2,"(0.999, 31.0]",aprielguard,0.6669806877060763,0.3330193122939237,2123,24.751295336787564
2,"(0.999, 31.0]",crest,0.3350612629594722,0.6649387370405277,2122,24.752120640904806
2,"(0.999, 31.0]",gpt_oss_safeguard,0.9858323494687131,0.014167650531286895,847,24.677685950413224
2,"(0.999, 31.0]",guardreasoner,0.35421573245407445,0.6457842675459255,2123,24.751295336787564
2,"(0.999, 31.0]",llamaguard3,0.7550635892604804,0.24493641073951955,2123,24.751295336787564
2,"(0.999, 31.0]",llamaguard_permissive,0.9269901083372586,0.0730098916627414,2123,24.751295336787564
2,"(0.999, 31.0]",mdjudge,1.0,0.0,2123,24.751295336787564
2,"(0.999, 31.0]",nemotron,0.6627414036740462,0.33725859632595384,2123,24.751295336787564
2,"(0.999, 31.0]",qwen3guard_gen,0.44559585492227977,0.5544041450777202,2123,24.751295336787564
2,"(0.999, 31.0]",shieldgemma,0.9952896844088553,0.004710315591144607,2123,24.751295336787564
2,"(0.999, 31.0]",wildguard,0.3028732925105982,0.6971267074894018,2123,24.751295336787564
2,"(0.999, 31.0]",xguard,0.6545842217484008,0.34541577825159914,469,24.68230277185501
2,"(31.0, 42.0]",aprielguard,0.5765107212475633,0.42348927875243664,2052,37.060428849902536
2,"(31.0, 42.0]",crest,0.2236842105263158,0.7763157894736842,2052,37.060428849902536
2,"(31.0, 42.0]",gpt_oss_safeguard,0.9734177215189873,0.026582278481012658,790,37.07848101265823
2,"(31.0, 42.0]",guardreasoner,0.388401559454191,0.6115984405458089,2052,37.060428849902536
2,"(31.0, 42.0]",llamaguard3,0.6686159844054581,0.3313840155945419,2052,37.060428849902536
2,"(31.0, 42.0]",llamaguard_permissive,0.9142300194931774,0.08576998050682261,2052,37.060428849902536
2,"(31.0, 42.0]",mdjudge,1.0,0.0,2052,37.060428849902536
2,"(31.0, 42.0]",nemotron,0.5935672514619883,0.4064327485380117,2052,37.060428849902536
2,"(31.0, 42.0]",qwen3guard_gen,0.34941520467836257,0.6505847953216374,2052,37.060428849902536
2,"(31.0, 42.0]",shieldgemma,0.9975633528265108,0.0024366471734892786,2052,37.060428849902536
2,"(31.0, 42.0]",wildguard,0.31773879142300193,0.682261208576998,2052,37.060428849902536
2,"(31.0, 42.0]",xguard,0.73989898989899,0.2601010101010101,396,37.13383838383838
2,"(42.0, 54.0]",aprielguard,0.621313035204567,0.3786869647954329,2102,48.076593720266416
2,"(42.0, 54.0]",crest,0.24310180780209326,0.7568981921979068,2102,48.076593720266416
2,"(42.0, 54.0]",gpt_oss_safeguard,0.9794188861985472,0.020581113801452784,826,48.17312348668281
2,"(42.0, 54.0]",guardreasoner,0.38962892483349193,0.6103710751665081,2102,48.076593720266416
2,"(42.0, 54.0]",llamaguard3,0.7131303520456708,0.28686964795432923,2102,48.076593720266416
2,"(42.0, 54.0]",llamaguard_permissive,0.8725023786869648,0.12749762131303521,2102,48.076593720266416
2,"(42.0, 54.0]",mdjudge,1.0,0.0,2102,48.076593720266416
2,"(42.0, 54.0]",nemotron,0.6279733587059942,0.3720266412940057,2102,48.076593720266416
2,"(42.0, 54.0]",qwen3guard_gen,0.2840152235965747,0.7159847764034253,2102,48.076593720266416
2,"(42.0, 54.0]",shieldgemma,0.9966698382492863,0.003330161750713606,2102,48.076593720266416
2,"(42.0, 54.0]",wildguard,0.3082778306374881,0.6917221693625119,2102,48.076593720266416
2,"(42.0, 54.0]",xguard,0.687960687960688,0.31203931203931207,407,47.92874692874693
2,"(54.0, 74.0]",aprielguard,0.5469287469287469,0.45307125307125307,2035,64.3941031941032
2,"(54.0, 74.0]",crest,0.2230958230958231,0.7769041769041769,2035,64.3941031941032
2,"(54.0, 74.0]",gpt_oss_safeguard,0.991389913899139,0.008610086100861008,813,64.43788437884379
2,"(54.0, 74.0]",guardreasoner,0.42407862407862407,0.5759213759213759,2035,64.3941031941032
2,"(54.0, 74.0]",llamaguard3,0.6122850122850123,0.3877149877149877,2035,64.3941031941032
2,"(54.0, 74.0]",llamaguard_permissive,0.8869778869778869,0.11302211302211303,2035,64.3941031941032
2,"(54.0, 74.0]",mdjudge,1.0,0.0,2035,64.3941031941032
2,"(54.0, 74.0]",nemotron,0.5567567567567567,0.44324324324324327,2035,64.3941031941032
2,"(54.0, 74.0]",qwen3guard_gen,0.3144963144963145,0.6855036855036855,2035,64.3941031941032
2,"(54.0, 74.0]",shieldgemma,0.9975429975429976,0.002457002457002457,2035,64.3941031941032
2,"(54.0, 74.0]",wildguard,0.29287469287469287,0.7071253071253071,2035,64.3941031941032
2,"(54.0, 74.0]",xguard,0.7825059101654847,0.21749408983451538,423,64.36643026004728
2,"(74.0, 496.0]",aprielguard,0.5533934504034171,0.4466065495965828,2107,111.87327954437589
2,"(74.0, 496.0]",crest,0.28476506881822494,0.7152349311817751,2107,111.87327954437589
2,"(74.0, 496.0]",gpt_oss_safeguard,0.9800469483568075,0.01995305164319249,852,111.9800469483568
2,"(74.0, 496.0]",guardreasoner,0.33270052206929285,0.6672994779307072,2107,111.87327954437589
2,"(74.0, 496.0]",llamaguard3,0.6013289036544851,0.39867109634551495,2107,111.87327954437589
2,"(74.0, 496.0]",llamaguard_permissive,0.8039867109634552,0.19601328903654486,2107,111.87327954437589
2,"(74.0, 496.0]",mdjudge,1.0,0.0,2107,111.87327954437589
2,"(74.0, 496.0]",nemotron,0.5904129093497864,0.4095870906502136,2107,111.87327954437589
2,"(74.0, 496.0]",qwen3guard_gen,0.2975794969150451,0.702420503084955,2107,111.87327954437589
2,"(74.0, 496.0]",shieldgemma,0.9985761746559089,0.0014238253440911248,2107,111.87327954437589
2,"(74.0, 496.0]",wildguard,0.30185097294731844,0.6981490270526816,2107,111.87327954437589
2,"(74.0, 496.0]",xguard,0.8506024096385543,0.1493975903614458,415,111.98072289156626
3,"(0.999, 31.0]",llamaguard3,0.9993364299933643,0.0006635700066357001,3014,24.86264100862641
3,"(0.999, 31.0]",llamaguard_permissive,0.9240212342402123,0.07597876575978765,3014,24.86264100862641
3,"(0.999, 31.0]",nemotron,0.6672196416721964,0.33278035832780356,3014,24.86264100862641
3,"(0.999, 31.0]",qwen3guard_gen,0.4475779694757797,0.5524220305242203,3014,24.86264100862641
3,"(0.999, 31.0]",wildguard,0.037296037296037296,0.9627039627039627,3003,24.858807858807857
3,"(31.0, 42.0]",llamaguard3,0.9982853223593965,0.0017146776406035665,2916,36.90980795610425
3,"(31.0, 42.0]",llamaguard_permissive,0.9180384087791496,0.08196159122085048,2916,36.90980795610425
3,"(31.0, 42.0]",nemotron,0.5970507544581619,0.40294924554183814,2916,36.90980795610425
3,"(31.0, 42.0]",qwen3guard_gen,0.3443072702331962,0.6556927297668038,2916,36.90980795610425
3,"(31.0, 42.0]",wildguard,0.049225473321858865,0.9507745266781411,2905,36.91256454388984
3,"(42.0, 54.0]",llamaguard3,0.9993377483443708,0.0006622516556291391,3020,48.170529801324506
3,"(42.0, 54.0]",llamaguard_permissive,0.8748344370860928,0.1251655629139073,3020,48.170529801324506
3,"(42.0, 54.0]",nemotron,0.6076158940397351,0.3923841059602649,3020,48.170529801324506
3,"(42.0, 54.0]",qwen3guard_gen,0.2771523178807947,0.7228476821192052,3020,48.170529801324506
3,"(42.0, 54.0]",wildguard,0.04318936877076412,0.9568106312292359,3010,48.170431893687706
3,"(54.0, 74.0]",llamaguard3,0.998624011007912,0.0013759889920880633,2907,64.296869625043
3,"(54.0, 74.0]",llamaguard_permissive,0.8782249742002064,0.1217750257997936,2907,64.296869625043
3,"(54.0, 74.0]",nemotron,0.5589955280357757,0.44100447196422426,2907,64.296869625043
3,"(54.0, 74.0]",qwen3guard_gen,0.30994152046783624,0.6900584795321637,2907,64.296869625043
3,"(54.0, 74.0]",wildguard,0.03696027633851468,0.9630397236614853,2895,64.28635578583766
3,"(74.0, 496.0]",llamaguard3,0.9990706319702602,0.0009293680297397769,3228,112.96716232961586
3,"(74.0, 496.0]",llamaguard_permissive,0.8042131350681536,0.19578686493184635,3228,112.96716232961586
3,"(74.0, 496.0]",nemotron,0.5898389095415117,0.41016109045848825,3228,112.96716232961586
3,"(74.0, 496.0]",qwen3guard_gen,0.29956629491945475,0.7004337050805453,3228,112.96716232961586
3,"(74.0, 496.0]",wildguard,0.027743142144638404,0.9722568578553616,3208,112.99127182044887
