k_subset,classifier_name,x,y,pearson,spearman,n
1,aprielguard,f1,unsafe_detected_strict,0.04292527908265002,0.03126001653769457,5403
1,aprielguard,comet,unsafe_detected_strict,0.06581396143596813,0.0500528078743365,4081
1,aprielguard,combined_score,unsafe_detected_strict,0.03974645771890479,0.03813984185101696,5403
1,aprielguard,selection_score,unsafe_detected_strict,0.03974645771890479,0.03813984185101696,5403
1,aprielguard,prompt_len,unsafe_detected_strict,0.11257036499615584,0.08213481703735463,5403
1,aprielguard,prompt_char_len,unsafe_detected_strict,0.09748181164920725,0.07827132981729543,5403
1,crest,f1,unsafe_detected_strict,0.09750700635553271,0.08583492985211717,5403
1,crest,comet,unsafe_detected_strict,0.017888354594574392,-0.007431530485109242,4081
1,crest,combined_score,unsafe_detected_strict,0.05522202345282922,0.056064665021868076,5403
1,crest,selection_score,unsafe_detected_strict,0.05522202345282922,0.056064665021868076,5403
1,crest,prompt_len,unsafe_detected_strict,0.040083901864997745,0.0525269088090893,5403
1,crest,prompt_char_len,unsafe_detected_strict,0.04642241209668808,0.0657307033576276,5403
1,gpt_oss_safeguard,f1,unsafe_detected_strict,0.017893337178795727,0.013378084639910665,4832
1,gpt_oss_safeguard,comet,unsafe_detected_strict,0.020768211167637662,0.009165968630719014,3667
1,gpt_oss_safeguard,combined_score,unsafe_detected_strict,0.02126043778883629,0.020033581839590885,4832
1,gpt_oss_safeguard,selection_score,unsafe_detected_strict,0.02126043778883629,0.020033581839590885,4832
1,gpt_oss_safeguard,prompt_len,unsafe_detected_strict,0.010982122052651753,0.003429025728621113,4832
1,gpt_oss_safeguard,prompt_char_len,unsafe_detected_strict,0.025473113775056698,0.022540350432448616,4832
1,guardreasoner,f1,unsafe_detected_strict,0.05553281918877223,0.04649913160254505,5403
1,guardreasoner,comet,unsafe_detected_strict,0.08878533017715393,0.07109240393923971,4081
1,guardreasoner,combined_score,unsafe_detected_strict,0.06311421967574256,0.05796615821809864,5403
1,guardreasoner,selection_score,unsafe_detected_strict,0.06311421967574256,0.05796615821809864,5403
1,guardreasoner,prompt_len,unsafe_detected_strict,0.03065405653971464,-0.0006792408252893549,5403
1,guardreasoner,prompt_char_len,unsafe_detected_strict,0.0072740912179607336,-0.02972070947554925,5403
1,llamaguard3,f1,unsafe_detected_strict,0.021676355034535334,0.015569120755029397,5403
1,llamaguard3,comet,unsafe_detected_strict,0.06833535053564789,0.0658935023240928,4081
1,llamaguard3,combined_score,unsafe_detected_strict,0.037447521714292956,0.04027104749937981,5403
1,llamaguard3,selection_score,unsafe_detected_strict,0.037447521714292956,0.04027104749937981,5403
1,llamaguard3,prompt_len,unsafe_detected_strict,0.12992759545984714,0.11205291822503091,5403
1,llamaguard3,prompt_char_len,unsafe_detected_strict,0.13644618345205858,0.12298856016058704,5403
1,llamaguard_permissive,f1,unsafe_detected_strict,-0.01497564396961086,-0.015433506154491974,5403
1,llamaguard_permissive,comet,unsafe_detected_strict,0.024795284459440146,0.005882519125165179,4081
1,llamaguard_permissive,combined_score,unsafe_detected_strict,-0.017063414781700058,-0.019480683331257517,5403
1,llamaguard_permissive,selection_score,unsafe_detected_strict,-0.017063414781700058,-0.019480683331257517,5403
1,llamaguard_permissive,prompt_len,unsafe_detected_strict,0.1851382702428754,0.12614281471021926,5403
1,llamaguard_permissive,prompt_char_len,unsafe_detected_strict,0.14312628364233518,0.08058735248728556,5403
1,mdjudge,f1,unsafe_detected_strict,,,5403
1,mdjudge,comet,unsafe_detected_strict,,,4081
1,mdjudge,combined_score,unsafe_detected_strict,,,5403
1,mdjudge,selection_score,unsafe_detected_strict,,,5403
1,mdjudge,prompt_len,unsafe_detected_strict,,,5403
1,mdjudge,prompt_char_len,unsafe_detected_strict,,,5403
1,nemotron,f1,unsafe_detected_strict,0.07376357323170647,0.07267620199393117,5403
1,nemotron,comet,unsafe_detected_strict,0.0965220984827102,0.08209366870315388,4081
1,nemotron,combined_score,unsafe_detected_strict,0.08297078943305329,0.08091532247586203,5403
1,nemotron,selection_score,unsafe_detected_strict,0.08297078943305329,0.08091532247586203,5403
1,nemotron,prompt_len,unsafe_detected_strict,0.09358889383407179,0.07131315192571915,5403
1,nemotron,prompt_char_len,unsafe_detected_strict,0.08244661167142597,0.06462184158252506,5403
1,qwen3guard_gen,f1,unsafe_detected_strict,0.08438551188251803,0.07679111238738708,5403
1,qwen3guard_gen,comet,unsafe_detected_strict,0.12190602078554903,0.08655925285777226,4081
1,qwen3guard_gen,combined_score,unsafe_detected_strict,0.08805652596208048,0.07876353245782032,5403
1,qwen3guard_gen,selection_score,unsafe_detected_strict,0.08805652596208048,0.07876353245782032,5403
1,qwen3guard_gen,prompt_len,unsafe_detected_strict,0.1242783499686265,0.12151676011606898,5403
1,qwen3guard_gen,prompt_char_len,unsafe_detected_strict,0.1030266730541833,0.09904935567290674,5403
1,shieldgemma,f1,unsafe_detected_strict,0.05952097816744838,0.05859791257541715,5403
1,shieldgemma,comet,unsafe_detected_strict,0.04054649971964168,0.03170984838507966,4081
1,shieldgemma,combined_score,unsafe_detected_strict,0.05739775352003624,0.05449213722467097,5403
1,shieldgemma,selection_score,unsafe_detected_strict,0.05739775352003624,0.05449213722467097,5403
1,shieldgemma,prompt_len,unsafe_detected_strict,-0.06619857896815995,-0.08119927378169382,5403
1,shieldgemma,prompt_char_len,unsafe_detected_strict,-0.07211284737876654,-0.07767198119342045,5403
1,wildguard,f1,unsafe_detected_strict,-0.03566622310708782,-0.031390227818953224,5403
1,wildguard,comet,unsafe_detected_strict,0.0873713943833967,-0.007156867170034143,4081
1,wildguard,combined_score,unsafe_detected_strict,0.0030973238717781886,-0.010586658741887023,5403
1,wildguard,selection_score,unsafe_detected_strict,0.0030973238717781886,-0.010586658741887023,5403
1,wildguard,prompt_len,unsafe_detected_strict,0.033932068541097295,0.029217800756575773,5403
1,wildguard,prompt_char_len,unsafe_detected_strict,0.029447992734898544,0.020724220253211426,5403
1,xguard,f1,unsafe_detected_strict,0.06258682801444974,0.05577998877291478,5403
1,xguard,comet,unsafe_detected_strict,0.05969407964596648,0.02992818825733101,4081
1,xguard,combined_score,unsafe_detected_strict,0.05667643645442507,0.053257057119809006,5403
1,xguard,selection_score,unsafe_detected_strict,0.05667643645442507,0.053257057119809006,5403
1,xguard,prompt_len,unsafe_detected_strict,0.007670707030724793,-0.005547115361879583,5403
1,xguard,prompt_char_len,unsafe_detected_strict,-0.019870324626922724,-0.03868157295796849,5403
2,aprielguard,f1,unsafe_detected_strict,0.04599404703824624,0.04176402889227046,10419
2,aprielguard,comet,unsafe_detected_strict,0.07198972824758613,0.05224540816675392,7894
2,aprielguard,combined_score,unsafe_detected_strict,0.04660680420258084,0.04295472086533428,10419
2,aprielguard,selection_score,unsafe_detected_strict,0.04660680420258084,0.04295472086533428,10419
2,aprielguard,prompt_len,unsafe_detected_strict,0.11115317700538768,0.0868514587029201,10419
2,aprielguard,prompt_char_len,unsafe_detected_strict,0.09268437999249671,0.07780877570838764,10419
2,crest,f1,unsafe_detected_strict,0.11122056436978939,0.0973411743555461,10418
2,crest,comet,unsafe_detected_strict,0.026101677042969007,0.0025398361061202946,7894
2,crest,combined_score,unsafe_detected_strict,0.07774127308386113,0.06946736540282054,10418
2,crest,selection_score,unsafe_detected_strict,0.07774127308386113,0.06946736540282054,10418
2,crest,prompt_len,unsafe_detected_strict,0.02589288198802152,0.04391196863065254,10418
2,crest,prompt_char_len,unsafe_detected_strict,0.02798178313866161,0.05148025672158755,10418
2,gpt_oss_safeguard,f1,unsafe_detected_strict,0.032935161517135166,0.03628170586069153,4128
2,gpt_oss_safeguard,comet,unsafe_detected_strict,-0.03457558960357755,-0.00675458949642039,3105
2,gpt_oss_safeguard,combined_score,unsafe_detected_strict,0.007643982008486102,0.016840392875150004,4128
2,gpt_oss_safeguard,selection_score,unsafe_detected_strict,0.007643982008486102,0.016840392875150004,4128
2,gpt_oss_safeguard,prompt_len,unsafe_detected_strict,0.04430354834966622,9.806937308305292e-05,4128
2,gpt_oss_safeguard,prompt_char_len,unsafe_detected_strict,0.04753010058600796,0.012363547411836985,4128
2,guardreasoner,f1,unsafe_detected_strict,0.044563475884124314,0.050879868744306986,10419
2,guardreasoner,comet,unsafe_detected_strict,0.06396911154464033,0.0509095656192434,7894
2,guardreasoner,combined_score,unsafe_detected_strict,0.04432612431344416,0.05164670049004442,10419
2,guardreasoner,selection_score,unsafe_detected_strict,0.04432612431344416,0.05164670049004442,10419
2,guardreasoner,prompt_len,unsafe_detected_strict,0.03506111766830948,-0.0008997514572577291,10419
2,guardreasoner,prompt_char_len,unsafe_detected_strict,0.006122957039975057,-0.033629869813963535,10419
2,llamaguard3,f1,unsafe_detected_strict,0.036245477625789044,0.02784572602574701,10419
2,llamaguard3,comet,unsafe_detected_strict,0.07327812418808516,0.0657151944023198,7894
2,llamaguard3,combined_score,unsafe_detected_strict,0.05121297297085685,0.0457669636257302,10419
2,llamaguard3,selection_score,unsafe_detected_strict,0.05121297297085685,0.0457669636257302,10419
2,llamaguard3,prompt_len,unsafe_detected_strict,0.1272008812078799,0.11687151278849794,10419
2,llamaguard3,prompt_char_len,unsafe_detected_strict,0.12882518638803658,0.12328638062057079,10419
2,llamaguard_permissive,f1,unsafe_detected_strict,-0.029241650728452223,-0.030100148667062294,10419
2,llamaguard_permissive,comet,unsafe_detected_strict,0.012269864054511718,-0.001383107973466163,7894
2,llamaguard_permissive,combined_score,unsafe_detected_strict,-0.030176911897557487,-0.03615970062615683,10419
2,llamaguard_permissive,selection_score,unsafe_detected_strict,-0.030176911897557487,-0.03615970062615683,10419
2,llamaguard_permissive,prompt_len,unsafe_detected_strict,0.16944580372411525,0.12949996260461308,10419
2,llamaguard_permissive,prompt_char_len,unsafe_detected_strict,0.1297334562958687,0.08255144525821456,10419
2,mdjudge,f1,unsafe_detected_strict,,,10419
2,mdjudge,comet,unsafe_detected_strict,,,7894
2,mdjudge,combined_score,unsafe_detected_strict,,,10419
2,mdjudge,selection_score,unsafe_detected_strict,,,10419
2,mdjudge,prompt_len,unsafe_detected_strict,,,10419
2,mdjudge,prompt_char_len,unsafe_detected_strict,,,10419
2,nemotron,f1,unsafe_detected_strict,0.08108596264430482,0.08042237977155742,10419
2,nemotron,comet,unsafe_detected_strict,0.09445603989073237,0.07098679257238001,7894
2,nemotron,combined_score,unsafe_detected_strict,0.088028796358348,0.08205868346933579,10419
2,nemotron,selection_score,unsafe_detected_strict,0.088028796358348,0.08205868346933579,10419
2,nemotron,prompt_len,unsafe_detected_strict,0.07469214577367797,0.061839266666063826,10419
2,nemotron,prompt_char_len,unsafe_detected_strict,0.058209672802748316,0.049506580946042066,10419
2,qwen3guard_gen,f1,unsafe_detected_strict,0.09143220750665941,0.08651428345482176,10419
2,qwen3guard_gen,comet,unsafe_detected_strict,0.12896556075656687,0.09052215488884341,7894
2,qwen3guard_gen,combined_score,unsafe_detected_strict,0.10137609480578665,0.09043523268450164,10419
2,qwen3guard_gen,selection_score,unsafe_detected_strict,0.10137609480578665,0.09043523268450164,10419
2,qwen3guard_gen,prompt_len,unsafe_detected_strict,0.11512706174965322,0.11400834573712747,10419
2,qwen3guard_gen,prompt_char_len,unsafe_detected_strict,0.09295936082001181,0.09042669936691876,10419
2,shieldgemma,f1,unsafe_detected_strict,0.023553553925889436,0.02709252388041326,10419
2,shieldgemma,comet,unsafe_detected_strict,0.01626196100503294,0.017466538676736063,7894
2,shieldgemma,combined_score,unsafe_detected_strict,0.026059199895109235,0.02806623265944415,10419
2,shieldgemma,selection_score,unsafe_detected_strict,0.026059199895109235,0.02806623265944415,10419
2,shieldgemma,prompt_len,unsafe_detected_strict,-0.013198112971593293,-0.015933759458941963,10419
2,shieldgemma,prompt_char_len,unsafe_detected_strict,-0.010862198569159062,-0.01418635906590179,10419
2,wildguard,f1,unsafe_detected_strict,0.007297662438232278,0.012420569204733037,10419
2,wildguard,comet,unsafe_detected_strict,-0.11566036898581555,-0.08523633684819197,7894
2,wildguard,combined_score,unsafe_detected_strict,-0.015688441935431955,-0.0008840292288905606,10419
2,wildguard,selection_score,unsafe_detected_strict,-0.015688441935431955,-0.0008840292288905606,10419
2,wildguard,prompt_len,unsafe_detected_strict,0.013927644717410398,0.007807235057661683,10419
2,wildguard,prompt_char_len,unsafe_detected_strict,0.0637006794589047,0.07136594163127886,10419
2,xguard,f1,unsafe_detected_strict,0.059715260682204764,0.05323596072892864,2110
2,xguard,comet,unsafe_detected_strict,0.004517922289321427,0.03802780413358505,1589
2,xguard,combined_score,unsafe_detected_strict,0.04696148144546605,0.04827177676563307,2110
2,xguard,selection_score,unsafe_detected_strict,0.04696148144546605,0.04827177676563307,2110
2,xguard,prompt_len,unsafe_detected_strict,-0.1282064848037986,-0.1380141637528031,2110
2,xguard,prompt_char_len,unsafe_detected_strict,-0.12439584218743886,-0.13404991131963823,2110
3,llamaguard3,f1,unsafe_detected_strict,0.0012433770188156753,0.0004206239466055659,15085
3,llamaguard3,comet,unsafe_detected_strict,0.0169427577360183,0.024691887236836737,11461
3,llamaguard3,combined_score,unsafe_detected_strict,0.008522209232423668,0.008166547477381537,15085
3,llamaguard3,selection_score,unsafe_detected_strict,0.008522209232423668,0.008166547477381537,15085
3,llamaguard3,prompt_len,unsafe_detected_strict,0.0017327361556378268,0.003054066057812193,15085
3,llamaguard3,prompt_char_len,unsafe_detected_strict,0.006433975327116016,0.009817147749790166,15085
3,llamaguard_permissive,f1,unsafe_detected_strict,-0.023136350260392166,-0.02846083026569868,15085
3,llamaguard_permissive,comet,unsafe_detected_strict,0.006514555769896627,-0.012702595470887012,11461
3,llamaguard_permissive,combined_score,unsafe_detected_strict,-0.02479306978834802,-0.036191785325651385,15085
3,llamaguard_permissive,selection_score,unsafe_detected_strict,-0.02479306978834802,-0.036191785325651385,15085
3,llamaguard_permissive,prompt_len,unsafe_detected_strict,0.16911739083034594,0.13408677329162594,15085
3,llamaguard_permissive,prompt_char_len,unsafe_detected_strict,0.1306253160181838,0.0863226210889991,15085
3,nemotron,f1,unsafe_detected_strict,0.09226604277201017,0.09367073483424211,15085
3,nemotron,comet,unsafe_detected_strict,0.09649215291587755,0.07494660551227325,11461
3,nemotron,combined_score,unsafe_detected_strict,0.09788215373555928,0.09141679496339124,15085
3,nemotron,selection_score,unsafe_detected_strict,0.09788215373555928,0.09141679496339124,15085
3,nemotron,prompt_len,unsafe_detected_strict,0.07698321084853317,0.066295819595685,15085
3,nemotron,prompt_char_len,unsafe_detected_strict,0.06278760122523803,0.05526726459480229,15085
3,qwen3guard_gen,f1,unsafe_detected_strict,0.10456304848138454,0.09748537150501263,15085
3,qwen3guard_gen,comet,unsafe_detected_strict,0.13455845655444024,0.0980117768341397,11461
3,qwen3guard_gen,combined_score,unsafe_detected_strict,0.11549575839563468,0.10085448568364999,15085
3,qwen3guard_gen,selection_score,unsafe_detected_strict,0.11549575839563468,0.10085448568364999,15085
3,qwen3guard_gen,prompt_len,unsafe_detected_strict,0.11503850329695565,0.11456786198528393,15085
3,qwen3guard_gen,prompt_char_len,unsafe_detected_strict,0.09170215204408037,0.0901636248631999,15085
3,wildguard,f1,unsafe_detected_strict,0.005555611969511348,0.012896780100071637,15021
3,wildguard,comet,unsafe_detected_strict,-0.04942678307974178,-0.02617851769426622,11413
3,wildguard,combined_score,unsafe_detected_strict,-0.0077024714015441285,0.0025356542478915866,15021
3,wildguard,selection_score,unsafe_detected_strict,-0.0077024714015441285,0.0025356542478915866,15021
3,wildguard,prompt_len,unsafe_detected_strict,0.03256479122565664,0.026183311602699644,15021
3,wildguard,prompt_char_len,unsafe_detected_strict,0.050853282887224224,0.05305148965509113,15021
