k_subset,model_1,model_2,agreement,n_overlap_prompts
1,qwen3guard_gen,qwen3guard_gen,1.0,1199
1,qwen3guard_gen,llamaguard3,0.6188490408673895,1199
1,qwen3guard_gen,llamaguard_permissive,0.4153461217681401,1199
1,qwen3guard_gen,nemotron,0.7014178482068391,1199
1,qwen3guard_gen,gpt_oss_safeguard,0.782608695652174,23
1,qwen3guard_gen,shieldgemma,0.3878231859883236,1199
1,qwen3guard_gen,xguard,0.5996663886572143,1199
1,qwen3guard_gen,crest,0.7539616346955796,1199
1,qwen3guard_gen,wildguard,0.6747289407839867,1199
1,qwen3guard_gen,aprielguard,0.6939115929941618,1199
1,qwen3guard_gen,guardreasoner,0.6944444444444444,1188
1,qwen3guard_gen,mdjudge,0.30692243536280234,1199
1,llamaguard3,qwen3guard_gen,0.6188490408673895,1199
1,llamaguard3,llamaguard3,1.0,1199
1,llamaguard3,llamaguard_permissive,0.6296914095079232,1199
1,llamaguard3,nemotron,0.7773144286905754,1199
1,llamaguard3,gpt_oss_safeguard,0.6521739130434783,23
1,llamaguard3,shieldgemma,0.6755629691409508,1199
1,llamaguard3,xguard,0.6822351959966639,1199
1,llamaguard3,crest,0.5229357798165137,1199
1,llamaguard3,wildguard,0.3803169307756464,1199
1,llamaguard3,aprielguard,0.7481234361968306,1199
1,llamaguard3,guardreasoner,0.5597643097643098,1188
1,llamaguard3,mdjudge,0.6213511259382819,1199
1,llamaguard_permissive,qwen3guard_gen,0.4153461217681401,1199
1,llamaguard_permissive,llamaguard3,0.6296914095079232,1199
1,llamaguard_permissive,llamaguard_permissive,1.0,1199
1,llamaguard_permissive,nemotron,0.6238532110091743,1199
1,llamaguard_permissive,gpt_oss_safeguard,0.30434782608695654,23
1,llamaguard_permissive,shieldgemma,0.8273561301084237,1199
1,llamaguard_permissive,xguard,0.6922435362802335,1199
1,llamaguard_permissive,crest,0.3094245204336947,1199
1,llamaguard_permissive,wildguard,0.1451209341117598,1199
1,llamaguard_permissive,aprielguard,0.6430358632193495,1199
1,llamaguard_permissive,guardreasoner,0.4537037037037037,1188
1,llamaguard_permissive,mdjudge,0.8632193494578816,1199
1,nemotron,qwen3guard_gen,0.7014178482068391,1199
1,nemotron,llamaguard3,0.7773144286905754,1199
1,nemotron,llamaguard_permissive,0.6238532110091743,1199
1,nemotron,nemotron,1.0,1199
1,nemotron,gpt_oss_safeguard,0.6086956521739131,23
1,nemotron,shieldgemma,0.6447039199332777,1199
1,nemotron,xguard,0.7214345287739783,1199
1,nemotron,crest,0.5838198498748958,1199
1,nemotron,wildguard,0.41451209341117595,1199
1,nemotron,aprielguard,0.8056713928273561,1199
1,nemotron,guardreasoner,0.6153198653198653,1188
1,nemotron,mdjudge,0.5804837364470392,1199
1,gpt_oss_safeguard,qwen3guard_gen,0.782608695652174,23
1,gpt_oss_safeguard,llamaguard3,0.6521739130434783,23
1,gpt_oss_safeguard,llamaguard_permissive,0.30434782608695654,23
1,gpt_oss_safeguard,nemotron,0.6086956521739131,23
1,gpt_oss_safeguard,gpt_oss_safeguard,1.0,23
1,gpt_oss_safeguard,shieldgemma,0.21739130434782608,23
1,gpt_oss_safeguard,xguard,0.6521739130434783,23
1,gpt_oss_safeguard,crest,0.6956521739130435,23
1,gpt_oss_safeguard,wildguard,0.6956521739130435,23
1,gpt_oss_safeguard,aprielguard,0.782608695652174,23
1,gpt_oss_safeguard,guardreasoner,0.7391304347826086,23
1,gpt_oss_safeguard,mdjudge,0.21739130434782608,23
1,shieldgemma,qwen3guard_gen,0.3878231859883236,1199
1,shieldgemma,llamaguard3,0.6755629691409508,1199
1,shieldgemma,llamaguard_permissive,0.8273561301084237,1199
1,shieldgemma,nemotron,0.6447039199332777,1199
1,shieldgemma,gpt_oss_safeguard,0.21739130434782608,23
1,shieldgemma,shieldgemma,1.0,1199
1,shieldgemma,xguard,0.7047539616346956,1199
1,shieldgemma,crest,0.2835696413678065,1199
1,shieldgemma,wildguard,0.10091743119266056,1199
1,shieldgemma,aprielguard,0.6522101751459549,1199
1,shieldgemma,guardreasoner,0.4175084175084175,1188
1,shieldgemma,mdjudge,0.9157631359466222,1199
1,xguard,qwen3guard_gen,0.5996663886572143,1199
1,xguard,llamaguard3,0.6822351959966639,1199
1,xguard,llamaguard_permissive,0.6922435362802335,1199
1,xguard,nemotron,0.7214345287739783,1199
1,xguard,gpt_oss_safeguard,0.6521739130434783,23
1,xguard,shieldgemma,0.7047539616346956,1199
1,xguard,xguard,1.0,1199
1,xguard,crest,0.49040867389491244,1199
1,xguard,wildguard,0.3194328607172644,1199
1,xguard,aprielguard,0.7489574645537949,1199
1,xguard,guardreasoner,0.5732323232323232,1188
1,xguard,mdjudge,0.6705587989991659,1199
1,crest,qwen3guard_gen,0.7539616346955796,1199
1,crest,llamaguard3,0.5229357798165137,1199
1,crest,llamaguard_permissive,0.3094245204336947,1199
1,crest,nemotron,0.5838198498748958,1199
1,crest,gpt_oss_safeguard,0.6956521739130435,23
1,crest,shieldgemma,0.2835696413678065,1199
1,crest,xguard,0.49040867389491244,1199
1,crest,crest,1.0,1199
1,crest,wildguard,0.7756463719766472,1199
1,crest,aprielguard,0.5679733110925771,1199
1,crest,guardreasoner,0.6388888888888888,1188
1,crest,mdjudge,0.20767306088407006,1199
1,wildguard,qwen3guard_gen,0.6747289407839867,1199
1,wildguard,llamaguard3,0.3803169307756464,1199
1,wildguard,llamaguard_permissive,0.1451209341117598,1199
1,wildguard,nemotron,0.41451209341117595,1199
1,wildguard,gpt_oss_safeguard,0.6956521739130435,23
1,wildguard,shieldgemma,0.10091743119266056,1199
1,wildguard,xguard,0.3194328607172644,1199
1,wildguard,crest,0.7756463719766472,1199
1,wildguard,wildguard,1.0,1199
1,wildguard,aprielguard,0.4036697247706422,1199
1,wildguard,guardreasoner,0.6127946127946128,1188
1,wildguard,mdjudge,0.021684737281067557,1199
1,aprielguard,qwen3guard_gen,0.6939115929941618,1199
1,aprielguard,llamaguard3,0.7481234361968306,1199
1,aprielguard,llamaguard_permissive,0.6430358632193495,1199
1,aprielguard,nemotron,0.8056713928273561,1199
1,aprielguard,gpt_oss_safeguard,0.782608695652174,23
1,aprielguard,shieldgemma,0.6522101751459549,1199
1,aprielguard,xguard,0.7489574645537949,1199
1,aprielguard,crest,0.5679733110925771,1199
1,aprielguard,wildguard,0.4036697247706422,1199
1,aprielguard,aprielguard,1.0,1199
1,aprielguard,guardreasoner,0.6363636363636364,1188
1,aprielguard,mdjudge,0.5846538782318599,1199
1,guardreasoner,qwen3guard_gen,0.6944444444444444,1188
1,guardreasoner,llamaguard3,0.5597643097643098,1188
1,guardreasoner,llamaguard_permissive,0.4537037037037037,1188
1,guardreasoner,nemotron,0.6153198653198653,1188
1,guardreasoner,gpt_oss_safeguard,0.7391304347826086,23
1,guardreasoner,shieldgemma,0.4175084175084175,1188
1,guardreasoner,xguard,0.5732323232323232,1188
1,guardreasoner,crest,0.6388888888888888,1188
1,guardreasoner,wildguard,0.6127946127946128,1188
1,guardreasoner,aprielguard,0.6363636363636364,1188
1,guardreasoner,guardreasoner,1.0,1188
1,guardreasoner,mdjudge,0.3712121212121212,1188
1,mdjudge,qwen3guard_gen,0.30692243536280234,1199
1,mdjudge,llamaguard3,0.6213511259382819,1199
1,mdjudge,llamaguard_permissive,0.8632193494578816,1199
1,mdjudge,nemotron,0.5804837364470392,1199
1,mdjudge,gpt_oss_safeguard,0.21739130434782608,23
1,mdjudge,shieldgemma,0.9157631359466222,1199
1,mdjudge,xguard,0.6705587989991659,1199
1,mdjudge,crest,0.20767306088407006,1199
1,mdjudge,wildguard,0.021684737281067557,1199
1,mdjudge,aprielguard,0.5846538782318599,1199
1,mdjudge,guardreasoner,0.3712121212121212,1188
1,mdjudge,mdjudge,1.0,1199
2,qwen3guard_gen,qwen3guard_gen,1.0,1626
2,qwen3guard_gen,llamaguard3,0.6088560885608856,1626
2,qwen3guard_gen,llamaguard_permissive,0.4102091020910209,1626
2,qwen3guard_gen,nemotron,0.7127921279212792,1626
2,qwen3guard_gen,gpt_oss_safeguard,0.711864406779661,59
2,qwen3guard_gen,shieldgemma,0.39100346020761245,289
2,qwen3guard_gen,xguard,0.5982404692082112,341
2,qwen3guard_gen,crest,0.7533825338253383,1626
2,qwen3guard_gen,wildguard,0.511070110701107,1626
2,qwen3guard_gen,aprielguard,0.6918819188191881,1626
2,qwen3guard_gen,guardreasoner,0.6817337461300309,1615
2,qwen3guard_gen,mdjudge,0.2988929889298893,1626
2,llamaguard3,qwen3guard_gen,0.6088560885608856,1626
2,llamaguard3,llamaguard3,1.0,1626
2,llamaguard3,llamaguard_permissive,0.5959409594095941,1626
2,llamaguard3,nemotron,0.7558425584255842,1626
2,llamaguard3,gpt_oss_safeguard,0.6271186440677966,59
2,llamaguard3,shieldgemma,0.6851211072664359,289
2,llamaguard3,xguard,0.39296187683284456,341
2,llamaguard3,crest,0.533210332103321,1626
2,llamaguard3,wildguard,0.4188191881918819,1626
2,llamaguard3,aprielguard,0.7201722017220172,1626
2,llamaguard3,guardreasoner,0.5461300309597523,1615
2,llamaguard3,mdjudge,0.6002460024600246,1626
2,llamaguard_permissive,qwen3guard_gen,0.4102091020910209,1626
2,llamaguard_permissive,llamaguard3,0.5959409594095941,1626
2,llamaguard_permissive,llamaguard_permissive,1.0,1626
2,llamaguard_permissive,nemotron,0.6027060270602707,1626
2,llamaguard_permissive,gpt_oss_safeguard,0.2542372881355932,59
2,llamaguard_permissive,shieldgemma,0.8235294117647058,289
2,llamaguard_permissive,xguard,0.15542521994134897,341
2,llamaguard_permissive,crest,0.3210332103321033,1626
2,llamaguard_permissive,wildguard,0.3025830258302583,1626
2,llamaguard_permissive,aprielguard,0.6297662976629766,1626
2,llamaguard_permissive,guardreasoner,0.4582043343653251,1615
2,llamaguard_permissive,mdjudge,0.8628536285362853,1626
2,nemotron,qwen3guard_gen,0.7127921279212792,1626
2,nemotron,llamaguard3,0.7558425584255842,1626
2,nemotron,llamaguard_permissive,0.6027060270602707,1626
2,nemotron,nemotron,1.0,1626
2,nemotron,gpt_oss_safeguard,0.5423728813559322,59
2,nemotron,shieldgemma,0.5847750865051903,289
2,nemotron,xguard,0.4222873900293255,341
2,nemotron,crest,0.6100861008610086,1626
2,nemotron,wildguard,0.4231242312423124,1626
2,nemotron,aprielguard,0.7773677736777368,1626
2,nemotron,guardreasoner,0.6291021671826625,1615
2,nemotron,mdjudge,0.550430504305043,1626
2,gpt_oss_safeguard,qwen3guard_gen,0.711864406779661,59
2,gpt_oss_safeguard,llamaguard3,0.6271186440677966,59
2,gpt_oss_safeguard,llamaguard_permissive,0.2542372881355932,59
2,gpt_oss_safeguard,nemotron,0.5423728813559322,59
2,gpt_oss_safeguard,gpt_oss_safeguard,1.0,59
2,gpt_oss_safeguard,shieldgemma,0.3448275862068966,29
2,gpt_oss_safeguard,xguard,0.7368421052631579,38
2,gpt_oss_safeguard,crest,0.6779661016949152,59
2,gpt_oss_safeguard,wildguard,0.6610169491525424,59
2,gpt_oss_safeguard,aprielguard,0.6949152542372882,59
2,gpt_oss_safeguard,guardreasoner,0.6610169491525424,59
2,gpt_oss_safeguard,mdjudge,0.22033898305084745,59
2,shieldgemma,qwen3guard_gen,0.39100346020761245,289
2,shieldgemma,llamaguard3,0.6851211072664359,289
2,shieldgemma,llamaguard_permissive,0.8235294117647058,289
2,shieldgemma,nemotron,0.5847750865051903,289
2,shieldgemma,gpt_oss_safeguard,0.3448275862068966,29
2,shieldgemma,shieldgemma,1.0,289
2,shieldgemma,xguard,0.1951219512195122,123
2,shieldgemma,crest,0.28719723183391005,289
2,shieldgemma,wildguard,0.3044982698961938,289
2,shieldgemma,aprielguard,0.6193771626297578,289
2,shieldgemma,guardreasoner,0.3902439024390244,287
2,shieldgemma,mdjudge,0.9100346020761245,289
2,xguard,qwen3guard_gen,0.5982404692082112,341
2,xguard,llamaguard3,0.39296187683284456,341
2,xguard,llamaguard_permissive,0.15542521994134897,341
2,xguard,nemotron,0.4222873900293255,341
2,xguard,gpt_oss_safeguard,0.7368421052631579,38
2,xguard,shieldgemma,0.1951219512195122,123
2,xguard,xguard,1.0,341
2,xguard,crest,0.7360703812316716,341
2,xguard,wildguard,0.6803519061583577,341
2,xguard,aprielguard,0.41642228739002934,341
2,xguard,guardreasoner,0.5806451612903226,341
2,xguard,mdjudge,0.07624633431085044,341
2,crest,qwen3guard_gen,0.7533825338253383,1626
2,crest,llamaguard3,0.533210332103321,1626
2,crest,llamaguard_permissive,0.3210332103321033,1626
2,crest,nemotron,0.6100861008610086,1626
2,crest,gpt_oss_safeguard,0.6779661016949152,59
2,crest,shieldgemma,0.28719723183391005,289
2,crest,xguard,0.7360703812316716,341
2,crest,crest,1.0,1626
2,crest,wildguard,0.5793357933579336,1626
2,crest,aprielguard,0.5707257072570726,1626
2,crest,guardreasoner,0.621671826625387,1615
2,crest,mdjudge,0.21955719557195572,1626
2,wildguard,qwen3guard_gen,0.511070110701107,1626
2,wildguard,llamaguard3,0.4188191881918819,1626
2,wildguard,llamaguard_permissive,0.3025830258302583,1626
2,wildguard,nemotron,0.4231242312423124,1626
2,wildguard,gpt_oss_safeguard,0.6610169491525424,59
2,wildguard,shieldgemma,0.3044982698961938,289
2,wildguard,xguard,0.6803519061583577,341
2,wildguard,crest,0.5793357933579336,1626
2,wildguard,wildguard,1.0,1626
2,wildguard,aprielguard,0.42558425584255843,1626
2,wildguard,guardreasoner,0.5114551083591331,1615
2,wildguard,mdjudge,0.2736777367773678,1626
2,aprielguard,qwen3guard_gen,0.6918819188191881,1626
2,aprielguard,llamaguard3,0.7201722017220172,1626
2,aprielguard,llamaguard_permissive,0.6297662976629766,1626
2,aprielguard,nemotron,0.7773677736777368,1626
2,aprielguard,gpt_oss_safeguard,0.6949152542372882,59
2,aprielguard,shieldgemma,0.6193771626297578,289
2,aprielguard,xguard,0.41642228739002934,341
2,aprielguard,crest,0.5707257072570726,1626
2,aprielguard,wildguard,0.42558425584255843,1626
2,aprielguard,aprielguard,1.0,1626
2,aprielguard,guardreasoner,0.6260061919504644,1615
2,aprielguard,mdjudge,0.5787207872078721,1626
2,guardreasoner,qwen3guard_gen,0.6817337461300309,1615
2,guardreasoner,llamaguard3,0.5461300309597523,1615
2,guardreasoner,llamaguard_permissive,0.4582043343653251,1615
2,guardreasoner,nemotron,0.6291021671826625,1615
2,guardreasoner,gpt_oss_safeguard,0.6610169491525424,59
2,guardreasoner,shieldgemma,0.3902439024390244,287
2,guardreasoner,xguard,0.5806451612903226,341
2,guardreasoner,crest,0.621671826625387,1615
2,guardreasoner,wildguard,0.5114551083591331,1615
2,guardreasoner,aprielguard,0.6260061919504644,1615
2,guardreasoner,guardreasoner,1.0,1615
2,guardreasoner,mdjudge,0.3746130030959752,1615
2,mdjudge,qwen3guard_gen,0.2988929889298893,1626
2,mdjudge,llamaguard3,0.6002460024600246,1626
2,mdjudge,llamaguard_permissive,0.8628536285362853,1626
2,mdjudge,nemotron,0.550430504305043,1626
2,mdjudge,gpt_oss_safeguard,0.22033898305084745,59
2,mdjudge,shieldgemma,0.9100346020761245,289
2,mdjudge,xguard,0.07624633431085044,341
2,mdjudge,crest,0.21955719557195572,1626
2,mdjudge,wildguard,0.2736777367773678,1626
2,mdjudge,aprielguard,0.5787207872078721,1626
2,mdjudge,guardreasoner,0.3746130030959752,1615
2,mdjudge,mdjudge,1.0,1626
3,qwen3guard_gen,qwen3guard_gen,1.0,1901
3,qwen3guard_gen,llamaguard3,0.6842105263157895,38
3,qwen3guard_gen,llamaguard_permissive,0.40925828511309836,1901
3,qwen3guard_gen,nemotron,0.7117306680694372,1901
3,qwen3guard_gen,wildguard,0.6747496046389035,1897
3,llamaguard3,qwen3guard_gen,0.6842105263157895,38
3,llamaguard3,llamaguard3,1.0,38
3,llamaguard3,llamaguard_permissive,0.7105263157894737,38
3,llamaguard3,nemotron,0.7631578947368421,38
3,llamaguard3,wildguard,0.4473684210526316,38
3,llamaguard_permissive,qwen3guard_gen,0.40925828511309836,1901
3,llamaguard_permissive,llamaguard3,0.7105263157894737,38
3,llamaguard_permissive,llamaguard_permissive,1.0,1901
3,llamaguard_permissive,nemotron,0.6133613887427669,1901
3,llamaguard_permissive,wildguard,0.1639430680021086,1897
3,nemotron,qwen3guard_gen,0.7117306680694372,1901
3,nemotron,llamaguard3,0.7631578947368421,38
3,nemotron,llamaguard_permissive,0.6133613887427669,1901
3,nemotron,nemotron,1.0,1901
3,nemotron,wildguard,0.43911439114391143,1897
3,wildguard,qwen3guard_gen,0.6747496046389035,1897
3,wildguard,llamaguard3,0.4473684210526316,38
3,wildguard,llamaguard_permissive,0.1639430680021086,1897
3,wildguard,nemotron,0.43911439114391143,1897
3,wildguard,wildguard,1.0,1897
