language,total_prompts,language_resource_tier,k_values_present,unique_roots,unique_categories,avg_combined_score,failure_rate,severe_failure_rate
Asturian,409,low,3,199,19,0.8851986655163918,0.26405867970660146,0.03667481662591687
Maltese,408,low,3,199,19,0.8940357853676758,0.2647058823529412,0.0196078431372549
Luxembourgish,408,low,3,198,19,0.8970165590153021,0.25735294117647056,0.02696078431372549
Cebuano,400,low,3,194,19,0.8901208437234164,0.265,0.04
Occitan,397,low,3,191,19,0.8926795728560959,0.2695214105793451,0.037783375314861464
Zulu,394,low,3,192,19,0.8910025737914943,0.27918781725888325,0.027918781725888325
Sorani Kurdish,389,low,3,187,19,0.8940618303257273,0.2750642673521851,0.007712082262210797
Oriya (Odia),388,low,3,189,19,0.8935913996598155,0.27835051546391754,0.015463917525773196
Tajik,387,low,3,188,19,0.8904092792392702,0.27906976744186046,0.0103359173126615
Maori,380,low,3,185,19,0.8868078062408848,0.28421052631578947,0.02631578947368421
Shona,376,low,3,184,19,0.8886096334837853,0.29521276595744683,0.018617021276595744
Igbo,375,low,3,184,19,0.8851287241776784,0.296,0.02666666666666667
Nyanja,374,low,3,184,19,0.8846302960008223,0.2967914438502674,0.01871657754010695
Northern Sotho,374,low,3,183,19,0.8907858083911121,0.2967914438502674,0.00267379679144385
Lingala,368,low,3,177,19,0.8823426062970058,0.3016304347826087,0.019021739130434784
Ganda,354,low,3,170,19,0.8785555701134569,0.3135593220338983,0.03672316384180791
Yoruba,353,low,3,170,19,0.8809652799587412,0.31444759206798867,0.019830028328611898
Luo,330,low,3,157,19,0.8664913470094854,0.33636363636363636,0.03939393939393939
Indonesian,324,medium,3,160,19,0.8803900660096128,0.29012345679012347,0.033950617283950615
Nepali,324,low,3,158,19,0.8899459559815349,0.33641975308641975,0.015432098765432098
Galician,323,low,3,159,19,0.8825359387848031,0.3219814241486068,0.034055727554179564
Gujarati,322,low,3,157,19,0.8873929727058973,0.3136645962732919,0.046583850931677016
Swedish,321,medium,3,158,19,0.8863142186607528,0.3333333333333333,0.028037383177570093
Ukrainian,321,medium,3,158,19,0.880821773126675,0.32710280373831774,0.03115264797507788
Catalan,321,low,3,158,19,0.8855060818039369,0.2585669781931464,0.018691588785046728
Filipino (Tagalog),320,low,3,157,19,0.880925280880183,0.246875,0.021875
Slovak,320,low,3,157,19,0.882632392924279,0.321875,0.03125
Afrikaans,320,low,3,157,19,0.8806044773198665,0.159375,0.0375
Danish,320,medium,3,157,19,0.8819313769228756,0.328125,0.025
Portuguese,320,high,3,157,19,0.8810490340925753,0.29375,0.034375
Greek,320,medium,3,157,19,0.8836731914430856,0.3,0.034375
Hindi,319,medium,3,156,19,0.8845557524679597,0.1724137931034483,0.018808777429467086
Spanish,319,high,3,156,19,0.8848830433474812,0.2946708463949843,0.050156739811912224
Kannada,319,low,3,156,19,0.8855794069348458,0.322884012539185,0.05956112852664577
Welsh,318,low,3,157,19,0.8793977440903021,0.16037735849056603,0.006289308176100629
Romanian,318,medium,3,157,19,0.8877559373588682,0.29559748427672955,0.018867924528301886
Serbian,318,low,3,158,19,0.8834404521768198,0.31446540880503143,0.02830188679245283
Punjabi,318,low,3,155,19,0.8905356127136158,0.31761006289308175,0.02830188679245283
Malay,318,medium,3,155,19,0.880193478187675,0.25157232704402516,0.025157232704402517
Italian,317,high,3,155,19,0.8834424193725225,0.2996845425867508,0.03785488958990536
French,317,high,3,157,19,0.8830916284104627,0.3186119873817035,0.01892744479495268
Czech,317,medium,3,155,19,0.8812924839720742,0.305993690851735,0.03470031545741325
Hebrew,316,medium,3,154,19,0.8850825677472579,0.2689873417721519,0.015822784810126583
Croatian,316,low,3,155,19,0.8849545770053622,0.3037974683544304,0.04113924050632911
Armenian,316,low,3,154,19,0.888916166287057,0.33544303797468356,0.04430379746835443
Azerbaijani,316,low,3,155,19,0.8860086081903192,0.33860759493670883,0.03164556962025317
Bulgarian,316,medium,3,156,19,0.8852618161258818,0.310126582278481,0.012658227848101266
Estonian,315,low,3,154,19,0.8897093225093115,0.3333333333333333,0.015873015873015872
Irish,315,low,3,153,19,0.8789944292533965,0.12698412698412698,0.025396825396825397
German,315,high,3,155,19,0.8766487030755906,0.3111111111111111,0.05714285714285714
Persian,314,medium,3,155,19,0.8809919170798011,0.3343949044585987,0.03821656050955414
Urdu,313,medium,3,153,19,0.8780199329312236,0.134185303514377,0.025559105431309903
Arabic,313,high,3,152,19,0.8758986871272992,0.28434504792332266,0.025559105431309903
Turkish,313,medium,3,154,19,0.88469094147507,0.3354632587859425,0.03194888178913738
Russian,311,high,3,152,19,0.8801484453908117,0.3247588424437299,0.03536977491961415
Pashto,311,low,3,152,19,0.8810023428255339,0.31511254019292606,0.012861736334405145
Tamil,311,low,3,151,19,0.8839151700209958,0.2572347266881029,0.02572347266881029
Vietnamese,311,medium,3,151,19,0.8810883489260719,0.3311897106109325,0.04501607717041801
Hungarian,311,low,3,151,19,0.8826145779856531,0.3440514469453376,0.03215434083601286
Dutch,311,medium,3,152,19,0.8785168478726574,0.3054662379421222,0.03858520900321544
Swahili,310,low,3,153,19,0.8790267706398041,0.25483870967741934,0.03225806451612903
Polish,310,medium,3,151,19,0.8791888184124423,0.3064516129032258,0.016129032258064516
Bosnian,310,low,3,151,19,0.8842933269277695,0.32903225806451614,0.04516129032258064
Macedonian,309,low,3,152,19,0.8821719817359085,0.29449838187702265,0.025889967637540454
Bengali,308,medium,3,152,19,0.8876687553408859,0.3409090909090909,0.00974025974025974
Finnish,308,medium,3,151,19,0.8845300842802246,0.3474025974025974,0.01948051948051948
Lithuanian,307,low,3,150,19,0.8818020733249304,0.32247557003257327,0.016286644951140065
Norwegian,307,medium,3,151,19,0.8896149981293694,0.25732899022801303,0.05211726384364821
Wolof,307,low,3,148,19,0.8672660418364435,0.36156351791530944,0.026058631921824105
Belarusian,306,low,3,149,19,0.8775612532702926,0.22549019607843138,0.016339869281045753
Malayalam,306,low,3,150,19,0.8829978373315599,0.35947712418300654,0.0457516339869281
Latvian,305,low,3,149,19,0.8798306602923597,0.3540983606557377,0.02622950819672131
Sindhi,303,low,3,148,19,0.8701753239254943,0.24752475247524752,0.0429042904290429
Khmer,303,low,3,147,19,0.8839073376883768,0.3465346534653465,0.006600660066006601
Slovenian,303,low,3,147,19,0.8839417142246423,0.3465346534653465,0.006600660066006601
Assamese,302,low,3,149,19,0.8836635665980396,0.33112582781456956,0.026490066225165563
Javanese,302,low,3,147,19,0.876467785742504,0.18211920529801323,0.009933774834437087
Lao,302,low,3,149,19,0.8793204040914182,0.347682119205298,0.033112582781456956
Telugu,301,low,3,148,19,0.8797839134436509,0.11295681063122924,0.03322259136212625
Marathi,300,low,3,146,19,0.8754559551676114,0.30666666666666664,0.03333333333333333
Fula,300,low,3,145,19,0.8626815541585287,0.37,0.05333333333333334
Amharic,299,low,3,146,19,0.8842204847563071,0.33444816053511706,0.020066889632107024
Thai,298,medium,3,147,19,0.8683250948486713,0.36577181208053694,0.053691275167785234
Kazakh,298,low,3,146,19,0.8800938198930465,0.3624161073825503,0.04697986577181208
Icelandic,297,low,3,145,19,0.8735291261464257,0.21548821548821548,0.04040404040404041
Chinese (Simplified),295,high,3,145,19,0.8702130601567737,0.3220338983050847,0.04745762711864407
Burmese,293,low,3,142,19,0.8815103342101842,0.36860068259385664,0.017064846416382253
Korean,289,high,3,141,19,0.8795929220102238,0.38408304498269896,0.01384083044982699
Kyrgyz,286,low,3,138,19,0.8793254323772617,0.3881118881118881,0.038461538461538464
Mongolian,283,low,3,139,19,0.8763158840551815,0.3674911660777385,0.03180212014134275
Japanese,276,high,3,134,19,0.8755405120875525,0.39492753623188404,0.050724637681159424
Chinese (Traditional),267,high,3,128,19,0.8541544213723601,0.4157303370786517,0.08239700374531835
Georgian,247,low,3,116,19,0.8151328193875942,0.3481781376518219,0.08502024291497975
Somali,221,low,3,108,19,0.8336150951649808,0.15384615384615385,0.04524886877828054
Hausa,200,low,3,95,19,0.8283776890486478,0.05,0.02
Xhosa,180,low,3,87,19,0.8183288267917104,0.05,0.005555555555555556
Oromo,153,low,3,74,19,0.7757969998261508,0.1503267973856209,0.06535947712418301
English,134,high,3,64,19,0.7454337687857115,0.007462686567164179,0.0
