k_subset,language_resource_tier,prompts,unique_languages,unique_roots,unique_categories,avg_combined_score,failure_rate,severe_failure_rate
1,high,606,12,342,19,0.8786451367065065,0.3069306930693069,0.024752475247524754
1,low,3658,65,1040,19,0.8874634885157373,0.2736468015308912,0.013395297977036633
1,medium,1139,21,485,19,0.8888382676324894,0.2853380158033363,0.014047410008779631
2,high,1171,12,550,19,0.8729535482639333,0.31596925704526047,0.03928266438941076
2,low,7024,65,1447,19,0.8817036124741858,0.28459567198177677,0.0244874715261959
2,medium,2224,21,732,19,0.8833168170032956,0.29676258992805754,0.027428057553956834
3,high,1696,12,704,19,0.8691365908884074,0.32016509433962265,0.044221698113207544
3,low,10149,65,1717,19,0.8766886556226676,0.29510296580943934,0.03635826189772391
3,medium,3240,21,932,19,0.8795192875129021,0.3012345679012346,0.03518518518518519
