k_subset,language,prompts,language_resource_tier,mean_chars,median_chars,p95_chars,mean_words,median_words
1,Northern Sotho,65,low,78.58461538461539,65.0,175.99999999999997,15.784615384615385,13.0
1,Nyanja,65,low,74.1076923076923,61.0,185.99999999999977,10.046153846153846,8.0
1,Armenian,56,low,74.10714285714286,61.0,162.0,11.25,9.0
1,Luxembourgish,71,low,72.46478873239437,68.0,152.5,12.183098591549296,12.0
1,Tajik,68,low,71.73529411764706,60.5,151.24999999999997,12.279411764705882,10.0
1,Cebuano,70,low,71.61428571428571,59.5,165.79999999999995,12.4,11.0
1,Hindi,55,medium,71.12727272727273,60.0,166.99999999999997,14.854545454545455,12.0
1,Tamil,55,low,70.98181818181818,63.0,152.59999999999997,9.127272727272727,7.0
1,Nepali,57,low,70.87719298245614,61.0,161.39999999999992,11.631578947368421,10.0
1,Zulu,69,low,70.47826086956522,63.0,138.19999999999996,7.72463768115942,7.0
1,Maori,67,low,70.38805970149254,71.0,117.49999999999997,15.417910447761194,16.0
1,Oriya (Odia),69,low,70.14492753623189,57.0,176.79999999999998,12.028985507246377,10.0
1,French,54,high,69.53703703703704,64.5,123.35,12.555555555555555,11.0
1,Maltese,71,low,69.49295774647888,61.0,151.0,11.04225352112676,10.0
1,Indonesian,55,medium,68.78181818181818,61.0,133.4999999999999,10.145454545454545,9.0
1,Malay,55,medium,68.18181818181819,52.0,161.6,10.236363636363636,8.0
1,Estonian,55,low,66.41818181818182,63.0,129.69999999999987,10.563636363636364,9.0
1,Asturian,71,low,66.30985915492958,54.0,158.0,11.535211267605634,10.0
1,Hungarian,55,low,66.21818181818182,54.0,162.39999999999998,9.50909090909091,8.0
1,Finnish,54,medium,66.0,50.5,161.35,8.648148148148149,6.0
1,Shona,65,low,65.78461538461538,60.0,126.99999999999996,8.261538461538462,7.0
1,Greek,55,medium,65.76363636363637,58.0,123.19999999999999,11.145454545454545,10.0
1,Punjabi,55,low,65.67272727272727,52.0,114.89999999999999,13.745454545454546,11.0
1,Georgian,47,low,65.65957446808511,56.0,124.69999999999999,9.23404255319149,8.0
1,Vietnamese,55,medium,65.03636363636363,56.0,131.89999999999998,15.090909090909092,13.0
1,Gujarati,56,low,64.57142857142857,54.0,135.0,11.892857142857142,10.0
1,Russian,54,high,64.38888888888889,51.0,145.89999999999992,10.296296296296296,8.0
1,Irish,55,low,64.36363636363636,54.0,115.89999999999999,11.818181818181818,10.0
1,Italian,55,high,64.30909090909091,54.0,133.29999999999995,10.6,9.0
1,Sorani Kurdish,70,low,64.25714285714285,58.0,128.24999999999994,10.271428571428572,10.0
1,Occitan,72,low,64.01388888888889,57.5,136.45000000000005,11.347222222222221,10.0
1,Spanish,55,high,63.85454545454545,54.0,118.39999999999998,11.036363636363637,10.0
1,Portuguese,55,high,63.836363636363636,52.0,130.09999999999985,11.254545454545454,10.0
1,Swahili,53,low,63.81132075471698,55.0,122.39999999999995,9.849056603773585,9.0
1,Lingala,66,low,63.78787878787879,60.0,119.25,10.803030303030303,10.0
1,Macedonian,53,low,63.77358490566038,56.0,140.5999999999999,11.264150943396226,10.0
1,Filipino (Tagalog),55,low,63.70909090909091,56.0,129.5,10.781818181818181,10.0
1,Javanese,53,low,63.490566037735846,51.0,135.99999999999997,9.962264150943396,8.0
1,German,54,high,63.370370370370374,56.5,129.24999999999991,10.5,9.0
1,Azerbaijani,54,low,62.574074074074076,56.0,111.79999999999984,8.74074074074074,8.0
1,Kyrgyz,51,low,62.31372549019608,55.0,128.5,8.784313725490197,7.0
1,Slovak,55,low,62.21818181818182,49.0,147.5,10.581818181818182,9.0
1,Serbian,54,low,62.166666666666664,53.0,130.34999999999988,11.25925925925926,10.0
1,Welsh,54,low,61.46296296296296,45.5,135.39999999999998,11.166666666666666,9.0
1,Burmese,52,low,61.34615384615385,54.0,118.44999999999999,5.115384615384615,4.0
1,Ukrainian,55,medium,61.32727272727273,54.0,140.89999999999992,10.018181818181818,8.0
1,Kazakh,52,low,60.82692307692308,48.5,119.04999999999995,8.692307692307692,7.0
1,Latvian,53,low,60.735849056603776,48.0,137.19999999999996,9.962264150943396,8.0
1,Swedish,55,medium,60.6,52.0,131.79999999999998,11.272727272727273,9.0
1,Bulgarian,54,medium,60.44444444444444,50.5,119.84999999999994,10.648148148148149,9.0
1,Khmer,54,low,59.98148148148148,58.5,103.35,5.425925925925926,3.0
1,Mongolian,49,low,59.91836734693877,52.0,117.99999999999994,9.673469387755102,8.0
1,Ganda,63,low,59.82539682539682,54.0,128.79999999999998,8.158730158730158,7.0
1,Lao,52,low,59.63461538461539,49.0,121.74999999999986,2.8846153846153846,2.0
1,Galician,55,low,59.345454545454544,48.0,147.3,10.927272727272728,10.0
1,Malayalam,53,low,59.301886792452834,56.0,104.79999999999998,6.679245283018868,6.0
1,Belarusian,54,low,59.2962962962963,46.5,136.44999999999985,9.75925925925926,7.0
1,Dutch,54,medium,58.72222222222222,55.0,110.09999999999997,10.648148148148149,10.0
1,Norwegian,53,medium,58.471698113207545,53.0,107.79999999999998,11.415094339622641,10.0
1,Danish,55,medium,58.4,49.0,131.49999999999994,10.945454545454545,9.0
1,Igbo,65,low,58.2,49.0,90.8,12.03076923076923,11.0
1,Kannada,55,low,58.10909090909091,50.0,103.69999999999995,7.545454545454546,7.0
1,Lithuanian,54,low,57.907407407407405,49.0,139.04999999999998,8.537037037037036,7.0
1,Afrikaans,55,low,57.654545454545456,48.0,132.29999999999984,11.145454545454545,9.0
1,Slovenian,54,low,57.574074074074076,50.0,124.04999999999998,9.574074074074074,8.0
1,Sindhi,53,low,57.471698113207545,50.0,104.99999999999997,12.660377358490566,12.0
1,Romanian,54,medium,57.24074074074074,51.0,107.19999999999993,10.62962962962963,9.0
1,Luo,62,low,56.96774193548387,51.5,105.0,10.629032258064516,9.0
1,Bosnian,55,low,56.90909090909091,46.0,115.49999999999999,10.018181818181818,9.0
1,Telugu,52,low,56.36538461538461,50.5,99.89999999999999,8.173076923076923,7.0
1,Pashto,54,low,55.75925925925926,49.5,103.44999999999996,13.0,11.0
1,Catalan,55,low,55.67272727272727,43.0,124.49999999999993,10.254545454545454,8.0
1,Turkish,54,medium,55.666666666666664,46.0,103.74999999999997,7.666666666666667,7.0
1,Urdu,54,medium,55.18518518518518,51.0,103.79999999999995,12.425925925925926,12.0
1,Yoruba,63,low,54.04761904761905,51.0,102.59999999999998,12.88888888888889,11.0
1,Xhosa,33,low,53.96969696969697,52.0,98.19999999999999,6.242424242424242,6.0
1,Assamese,52,low,53.76923076923077,43.5,105.59999999999988,9.365384615384615,7.5
1,Czech,55,medium,53.763636363636365,45.0,107.59999999999994,8.927272727272728,7.0
1,Somali,39,low,53.41025641025641,48.0,82.30000000000007,8.76923076923077,8.0
1,Bengali,53,medium,52.698113207547166,48.0,80.4,9.11320754716981,8.0
1,Oromo,28,low,52.5,59.5,83.89999999999999,6.892857142857143,7.5
1,Croatian,55,low,51.92727272727273,42.0,111.49999999999999,8.981818181818182,7.0
1,Polish,54,medium,51.351851851851855,42.0,96.34999999999977,7.888888888888889,7.0
1,Marathi,53,low,50.320754716981135,49.0,85.79999999999998,8.660377358490566,8.0
1,Hausa,37,low,49.054054054054056,41.0,96.99999999999991,9.864864864864865,9.0
1,Fula,55,low,48.70909090909091,46.0,89.89999999999999,9.0,8.0
1,Wolof,55,low,46.981818181818184,41.0,80.89999999999996,10.254545454545454,9.0
1,Hebrew,55,medium,46.27272727272727,41.0,93.79999999999993,9.018181818181818,8.0
1,Persian,54,medium,46.111111111111114,40.5,86.44999999999996,9.685185185185185,8.0
1,Arabic,55,high,44.236363636363635,37.0,79.39999999999995,8.218181818181819,7.0
1,Icelandic,52,low,43.94230769230769,37.5,82.44999999999999,7.8076923076923075,7.0
1,Thai,51,medium,42.27450980392157,39.0,69.0,1.5098039215686274,1.0
1,Amharic,53,low,40.528301886792455,33.0,83.99999999999994,8.09433962264151,7.0
1,Korean,51,high,35.21568627450981,28.0,69.5,9.03921568627451,7.0
1,English,25,high,30.6,27.0,52.599999999999994,6.32,6.0
1,Japanese,49,high,21.285714285714285,20.0,38.599999999999994,1.5918367346938775,1.0
1,Chinese (Simplified),51,high,18.274509803921568,15.0,42.5,1.3529411764705883,1.0
1,Chinese (Traditional),48,high,13.666666666666666,13.0,21.0,1.1041666666666667,1.0
2,Cebuano,136,low,85.19117647058823,68.5,219.0,14.625,12.0
2,Northern Sotho,126,low,78.18253968253968,65.0,189.25,15.777777777777779,13.0
2,Nyanja,125,low,77.472,66.0,199.39999999999998,10.48,9.0
2,Luxembourgish,139,low,74.63309352517986,68.0,159.69999999999996,12.597122302158274,12.0
2,Tajik,131,low,73.96946564885496,63.0,164.0,12.648854961832061,11.0
2,French,106,high,73.31132075471699,65.5,164.5,13.150943396226415,11.0
2,Nepali,109,low,73.14678899082568,63.0,154.39999999999995,12.045871559633028,10.0
2,Maori,128,low,72.9296875,67.0,148.95,15.9140625,15.0
2,Maltese,138,low,72.80434782608695,61.0,169.45000000000002,11.456521739130435,10.0
2,Armenian,106,low,72.38679245283019,60.0,155.75,11.10377358490566,9.0
2,Zulu,133,low,71.77443609022556,62.0,155.39999999999986,8.06015037593985,7.0
2,Oriya (Odia),130,low,71.74615384615385,61.0,175.55,12.392307692307693,10.0
2,Shona,127,low,70.88976377952756,64.0,154.39999999999986,8.858267716535433,8.0
2,Asturian,139,low,70.87769784172662,59.0,164.1,12.215827338129497,10.0
2,Hindi,108,medium,70.63888888888889,60.0,155.69999999999985,14.731481481481481,12.5
2,Filipino (Tagalog),108,low,70.41666666666667,61.0,144.89999999999995,12.064814814814815,11.0
2,Malay,108,medium,69.30555555555556,56.5,162.29999999999998,10.37962962962963,8.0
2,Irish,107,low,68.13084112149532,58.0,130.89999999999992,12.654205607476635,11.0
2,Punjabi,108,low,68.12037037037037,56.0,120.94999999999997,14.268518518518519,12.0
2,Georgian,84,low,67.71428571428571,56.0,128.39999999999998,9.392857142857142,8.0
2,Lingala,125,low,67.6,58.0,133.79999999999995,11.592,10.0
2,Welsh,107,low,67.0,52.0,142.19999999999993,12.504672897196262,10.0
2,Tamil,105,low,66.4095238095238,55.0,119.6,8.504761904761905,7.0
2,Somali,74,low,66.17567567567568,51.0,159.7,10.837837837837839,8.0
2,Gujarati,109,low,66.12844036697248,56.0,133.6,12.36697247706422,11.0
2,German,106,high,66.10377358490567,58.0,136.5,10.877358490566039,10.0
2,Indonesian,109,medium,66.03669724770643,55.0,150.19999999999982,9.81651376146789,8.0
2,Malayalam,103,low,65.95145631067962,58.0,119.89999999999999,7.485436893203883,6.0
2,Occitan,134,low,65.7910447761194,57.0,149.04999999999998,11.753731343283581,10.0
2,Italian,107,high,65.74766355140187,54.0,159.8999999999998,11.05607476635514,9.0
2,Greek,108,medium,65.56481481481481,57.0,157.19999999999993,11.074074074074074,10.0
2,Estonian,106,low,65.22641509433963,60.5,132.25,10.10377358490566,8.5
2,Vietnamese,105,medium,64.67619047619047,55.0,149.79999999999995,15.104761904761904,13.0
2,Spanish,108,high,64.39814814814815,56.0,121.19999999999993,11.231481481481481,10.0
2,Burmese,99,low,64.25252525252525,57.0,119.0,5.3232323232323235,5.0
2,Hungarian,105,low,64.22857142857143,55.0,149.99999999999997,9.142857142857142,8.0
2,Kyrgyz,97,low,64.17525773195877,56.0,135.7999999999999,9.061855670103093,7.0
2,Serbian,106,low,64.01886792452831,56.0,129.0,11.38679245283019,10.0
2,Azerbaijani,107,low,63.94392523364486,56.0,129.09999999999997,9.0,8.0
2,Khmer,102,low,63.872549019607845,59.5,104.94999999999999,6.176470588235294,3.0
2,Finnish,103,medium,63.84466019417476,52.0,141.59999999999997,8.446601941747574,6.0
2,Kazakh,100,low,63.71,50.5,153.25,9.07,7.0
2,Galician,109,low,63.65137614678899,49.0,162.39999999999998,11.504587155963304,9.0
2,Dutch,105,medium,63.53333333333333,55.0,161.99999999999991,11.571428571428571,9.0
2,Bulgarian,106,medium,63.509433962264154,52.0,140.5,11.29245283018868,9.0
2,Sorani Kurdish,132,low,63.35606060606061,56.0,132.79999999999995,10.098484848484848,9.0
2,Macedonian,104,low,63.26923076923077,55.5,144.49999999999994,11.298076923076923,10.0
2,Swahili,104,low,63.19230769230769,55.0,130.79999999999995,9.884615384615385,9.0
2,Igbo,126,low,62.992063492063494,54.0,122.75,13.063492063492063,11.0
2,Russian,105,high,62.50476190476191,51.0,124.6,10.00952380952381,8.0
2,Javanese,102,low,62.333333333333336,54.0,125.94999999999999,9.901960784313726,9.0
2,Romanian,107,medium,62.3177570093458,54.0,113.79999999999995,11.36448598130841,10.0
2,Swedish,108,medium,62.27777777777778,50.5,149.59999999999997,11.62037037037037,9.0
2,Kannada,108,low,61.93518518518518,55.5,120.24999999999996,8.00925925925926,7.0
2,Latvian,103,low,61.38834951456311,48.0,134.39999999999995,10.087378640776699,8.0
2,Portuguese,108,high,61.324074074074076,49.5,119.0,10.898148148148149,9.0
2,Ganda,121,low,61.31404958677686,54.0,130.0,8.297520661157025,7.0
2,Sindhi,102,low,60.55882352941177,52.0,120.89999999999998,13.450980392156863,12.0
2,Turkish,105,medium,59.97142857142857,50.0,133.8,8.17142857142857,7.0
2,Telugu,101,low,59.68316831683168,49.0,144.0,8.633663366336634,7.0
2,Mongolian,95,low,59.44210526315789,52.0,123.79999999999998,9.631578947368421,8.0
2,Ukrainian,108,medium,59.148148148148145,48.5,132.24999999999994,9.768518518518519,8.0
2,Slovak,108,low,58.916666666666664,49.0,141.0,9.898148148148149,8.0
2,Afrikaans,108,low,58.7037037037037,49.5,113.29999999999998,11.333333333333334,9.5
2,Yoruba,120,low,58.666666666666664,49.0,124.24999999999999,13.966666666666667,11.5
2,Xhosa,60,low,58.46666666666667,53.0,112.19999999999999,6.783333333333333,6.0
2,Urdu,106,medium,58.198113207547166,51.5,112.0,13.29245283018868,12.0
2,Slovenian,102,low,58.049019607843135,44.5,126.0,9.656862745098039,8.0
2,Catalan,108,low,58.0,51.0,117.0,10.546296296296296,9.0
2,Belarusian,103,low,57.99029126213592,46.0,126.49999999999996,9.54368932038835,7.0
2,Lithuanian,103,low,57.980582524271846,49.0,136.39999999999986,8.514563106796116,7.0
2,Norwegian,103,medium,57.66019417475728,52.0,102.89999999999999,11.009708737864077,10.0
2,Bosnian,104,low,57.20192307692308,50.0,107.69999999999999,10.221153846153847,9.0
2,Assamese,101,low,56.67326732673267,43.0,121.0,9.663366336633663,8.0
2,Luo,111,low,56.351351351351354,49.0,112.5,10.396396396396396,9.0
2,Czech,107,medium,56.149532710280376,45.0,136.99999999999977,9.345794392523365,8.0
2,Danish,108,medium,55.833333333333336,49.0,121.54999999999994,10.166666666666666,9.0
2,Pashto,105,low,55.457142857142856,48.0,109.8,12.904761904761905,11.0
2,Lao,101,low,55.21782178217822,48.0,97.0,2.633663366336634,2.0
2,Croatian,106,low,54.990566037735846,46.0,120.25,9.49056603773585,8.0
2,Oromo,51,low,54.411764705882355,50.0,89.0,7.196078431372549,6.0
2,Hausa,68,low,54.35294117647059,48.0,107.39999999999998,10.882352941176471,9.0
2,Polish,105,medium,54.04761904761905,43.0,121.19999999999997,8.247619047619047,7.0
2,Bengali,103,medium,53.592233009708735,48.0,97.69999999999997,9.281553398058252,8.0
2,Marathi,101,low,52.56435643564357,46.0,107.0,8.910891089108912,8.0
2,Wolof,104,low,49.39423076923077,43.5,99.85,10.778846153846153,9.0
2,Icelandic,100,low,49.37,41.5,93.05,8.74,7.0
2,Persian,105,medium,47.94285714285714,41.0,99.39999999999999,10.114285714285714,8.0
2,Fula,100,low,47.87,45.5,89.1,8.9,8.0
2,Hebrew,107,medium,45.52336448598131,41.0,84.0,8.906542056074766,8.0
2,Arabic,106,high,44.405660377358494,37.5,87.0,8.264150943396226,7.0
2,Thai,100,medium,43.08,39.0,77.1,1.63,1.0
2,Amharic,100,low,39.96,35.5,72.19999999999999,8.01,7.0
2,English,45,high,35.86666666666667,34.0,57.79999999999998,7.333333333333333,7.0
2,Korean,97,high,32.11340206185567,26.0,64.19999999999999,8.288659793814434,7.0
2,Japanese,93,high,22.634408602150536,20.0,41.39999999999999,1.7634408602150538,1.0
2,Chinese (Simplified),99,high,17.696969696969695,15.0,42.099999999999994,1.3232323232323233,1.0
2,Chinese (Traditional),91,high,14.065934065934066,13.0,24.0,1.120879120879121,1.0
3,Cebuano,194,low,86.81958762886597,69.0,215.7,14.793814432989691,12.0
3,Northern Sotho,183,low,80.32786885245902,66.0,195.70000000000002,16.153005464480874,13.0
3,Luxembourgish,198,low,77.06565656565657,66.5,173.0,13.070707070707071,12.0
3,Nyanja,184,low,75.45652173913044,64.0,185.94999999999973,10.298913043478262,9.0
3,Tajik,188,low,75.27127659574468,62.5,180.25000000000003,12.76063829787234,10.0
3,Shona,184,low,74.88586956521739,63.5,176.49999999999994,9.391304347826088,8.0
3,Maori,185,low,74.72432432432433,67.0,158.7999999999998,16.36216216216216,15.0
3,French,157,high,74.64331210191082,64.0,179.99999999999994,13.452229299363058,11.0
3,Armenian,154,low,74.12337662337663,61.5,161.84999999999994,11.512987012987013,9.0
3,Zulu,192,low,73.35416666666667,63.0,167.69999999999993,8.244791666666666,7.0
3,Oriya (Odia),189,low,72.7936507936508,58.0,174.6,12.497354497354497,10.0
3,Filipino (Tagalog),157,low,72.43949044585987,61.0,154.39999999999998,12.51592356687898,11.0
3,Irish,153,low,71.79084967320262,62.0,147.60000000000002,13.372549019607844,11.0
3,Punjabi,155,low,71.73548387096774,58.0,145.2999999999998,15.09032258064516,13.0
3,Nepali,158,low,71.62025316455696,60.5,160.5500000000001,11.955696202531646,10.0
3,Malay,155,medium,71.15483870967742,59.0,167.19999999999976,10.696774193548388,8.0
3,Maltese,199,low,70.99497487437186,61.0,163.59999999999997,11.150753768844222,10.0
3,Welsh,157,low,70.45222929936305,56.0,162.5999999999999,13.280254777070065,11.0
3,Asturian,199,low,69.91457286432161,58.0,164.0,12.090452261306533,10.0
3,Tamil,151,low,69.6887417218543,58.0,155.0,8.900662251655628,7.0
3,Hindi,156,medium,69.50641025641026,59.0,145.5,14.538461538461538,12.0
3,Lingala,177,low,68.5819209039548,59.0,136.39999999999998,11.689265536723164,10.0
3,Georgian,116,low,68.43103448275862,59.5,130.0,9.60344827586207,8.0
3,Occitan,191,low,67.69633507853403,58.0,165.0,12.094240837696335,10.0
3,Indonesian,160,medium,67.2875,58.5,126.24999999999991,9.9875,9.0
3,Spanish,156,high,67.06410256410257,54.5,143.25,11.634615384615385,10.0
3,Malayalam,150,low,66.89333333333333,57.0,128.0,7.48,6.0
3,Khmer,147,low,66.73469387755102,60.0,121.89999999999992,6.333333333333333,3.0
3,Greek,157,medium,66.2484076433121,57.0,162.19999999999987,11.21656050955414,10.0
3,Italian,155,high,66.06451612903226,54.0,140.2999999999998,11.251612903225807,10.0
3,German,155,high,65.93548387096774,55.0,139.29999999999998,10.90967741935484,9.0
3,Kazakh,146,low,65.77397260273973,52.0,156.75,9.301369863013699,7.0
3,Igbo,184,low,65.3804347826087,54.5,132.7,13.51086956521739,11.0
3,Kannada,156,low,65.1474358974359,57.5,122.75,8.365384615384615,7.0
3,Estonian,154,low,64.94155844155844,56.0,146.35,10.188311688311689,8.0
3,Bulgarian,156,medium,64.8076923076923,53.0,145.25,11.461538461538462,9.0
3,Vietnamese,151,medium,64.5364238410596,55.0,145.0,15.158940397350994,13.0
3,Gujarati,157,low,64.29936305732484,53.0,135.39999999999992,12.121019108280255,10.0
3,Swahili,153,low,64.16993464052288,55.0,129.60000000000002,10.065359477124183,9.0
3,Somali,108,low,64.16666666666667,51.5,158.29999999999998,10.546296296296296,8.0
3,Serbian,158,low,63.86708860759494,54.5,131.90000000000003,11.481012658227849,10.0
3,Hungarian,151,low,63.56953642384106,55.0,156.0,9.139072847682119,8.0
3,Kyrgyz,138,low,63.507246376811594,54.0,143.45000000000002,8.96376811594203,7.0
3,Macedonian,152,low,63.48026315789474,56.5,144.34999999999997,11.407894736842104,10.0
3,Javanese,147,low,63.4421768707483,55.0,128.79999999999995,10.040816326530612,9.0
3,Burmese,142,low,63.09154929577465,55.0,119.0,5.23943661971831,5.0
3,Catalan,158,low,63.0,52.5,144.7000000000001,11.436708860759493,10.0
3,Azerbaijani,155,low,62.47741935483871,52.0,135.3999999999997,8.774193548387096,7.0
3,Lithuanian,150,low,62.24666666666667,51.5,138.54999999999998,9.233333333333333,8.0
3,Dutch,152,medium,61.99342105263158,54.0,139.79999999999995,11.256578947368421,9.0
3,Afrikaans,157,low,61.97452229299363,53.0,125.19999999999993,11.987261146496815,10.0
3,Sindhi,148,low,61.75,49.0,125.90000000000003,13.763513513513514,11.5
3,Ukrainian,158,medium,61.60126582278481,51.0,157.3,10.208860759493671,8.5
3,Norwegian,151,medium,61.496688741721854,56.0,115.5,11.701986754966887,10.0
3,Galician,159,low,61.484276729559745,50.0,147.1,10.955974842767295,9.0
3,Mongolian,139,low,61.21582733812949,50.0,147.49999999999997,9.964028776978417,8.0
3,Yoruba,170,low,61.11176470588235,51.0,132.2999999999999,14.570588235294117,12.0
3,Portuguese,157,high,61.05732484076433,49.0,122.99999999999977,10.885350318471337,9.0
3,Sorani Kurdish,187,low,60.99465240641711,54.0,118.49999999999994,9.770053475935828,8.0
3,Assamese,149,low,60.946308724832214,49.0,125.6,10.322147651006711,8.0
3,Romanian,157,medium,60.93630573248408,52.0,118.79999999999978,11.10828025477707,9.0
3,Russian,152,high,60.78947368421053,50.0,123.89999999999998,9.697368421052632,8.0
3,Ganda,170,low,60.77058823529412,57.0,125.04999999999981,8.282352941176471,7.0
3,Xhosa,87,low,60.50574712643678,52.0,123.10000000000001,7.114942528735632,6.0
3,Swedish,158,medium,60.25949367088607,50.5,140.20000000000005,11.120253164556962,9.0
3,Slovak,157,low,59.94904458598726,48.0,142.79999999999995,10.050955414012739,8.0
3,Turkish,154,medium,59.883116883116884,50.0,133.35,8.188311688311689,7.0
3,Finnish,151,medium,59.83443708609271,50.0,133.5,7.9801324503311255,7.0
3,Bengali,152,medium,59.74342105263158,50.0,119.34999999999997,10.480263157894736,9.0
3,Bosnian,151,low,59.54304635761589,48.0,131.0,10.682119205298013,9.0
3,Latvian,149,low,59.46979865771812,49.0,128.6,9.818791946308725,8.0
3,Urdu,153,medium,59.30718954248366,52.0,113.4,13.431372549019608,12.0
3,Oromo,74,low,58.513513513513516,57.0,108.0,7.675675675675675,7.0
3,Telugu,148,low,58.304054054054056,50.0,118.95000000000002,8.391891891891891,7.0
3,Czech,155,medium,57.96774193548387,46.0,133.89999999999978,9.703225806451613,8.0
3,Danish,157,medium,57.910828025477706,50.0,126.39999999999986,10.598726114649681,9.0
3,Belarusian,149,low,57.76510067114094,46.0,126.19999999999999,9.516778523489933,7.0
3,Croatian,155,low,57.019354838709674,48.0,121.29999999999998,9.825806451612904,9.0
3,Slovenian,147,low,56.78231292517007,44.0,126.0,9.428571428571429,7.0
3,Luo,157,low,56.140127388535035,48.0,113.19999999999999,10.394904458598726,9.0
3,Marathi,146,low,55.534246575342465,48.5,112.75,9.41095890410959,8.0
3,Lao,149,low,55.375838926174495,49.0,97.0,2.664429530201342,2.0
3,Polish,151,medium,55.19205298013245,44.0,132.5,8.456953642384105,7.0
3,Pashto,152,low,54.46052631578947,47.0,108.44999999999999,12.657894736842104,11.0
3,Hausa,95,low,53.85263157894737,46.0,101.79999999999995,10.74736842105263,9.0
3,Persian,155,medium,53.4,42.0,118.89999999999995,11.264516129032257,9.0
3,Icelandic,145,low,52.793103448275865,45.0,110.39999999999986,9.448275862068966,7.0
3,Wolof,148,low,50.8445945945946,44.0,103.30000000000001,11.0,9.0
3,Fula,145,low,49.73103448275862,45.0,95.79999999999998,9.186206896551724,8.0
3,Hebrew,154,medium,47.22727272727273,41.0,95.09999999999985,9.318181818181818,8.0
3,Arabic,152,high,46.5,39.0,89.79999999999995,8.802631578947368,7.0
3,Thai,147,medium,44.523809523809526,40.0,80.39999999999998,1.7346938775510203,1.0
3,Amharic,146,low,42.965753424657535,37.0,99.25,8.506849315068493,7.0
3,English,64,high,38.859375,35.0,72.69999999999999,7.828125,7.0
3,Korean,141,high,31.04255319148936,26.0,64.0,8.0,7.0
3,Japanese,134,high,22.65671641791045,20.0,43.04999999999998,1.7686567164179106,1.0
3,Chinese (Simplified),145,high,18.09655172413793,15.0,41.39999999999995,1.3379310344827586,1.0
3,Chinese (Traditional),128,high,14.4453125,12.5,25.299999999999983,1.15625,1.0
