k_subset,split_key,split
2,b5e552025e6a4ab0be8241822ad217b2,test
2,e6c105b59f2d409d8d04b3f9a0266f30,test
2,6d7965f07e02486ea520b673679edcaa,test
2,67832cc739574c66ae1e9276d58b8f66,test
2,3a85ad4bf6e647a0920acbc3d5367051,test
2,ffef17409ca544fea1c01939b921076d,test
2,8649e20167a1431a95a69b56530940b7,test
2,38100135a9c4414d85dcc365cba28ec2,test
2,cfbcd71398be4221a5f4e15d58e20def,test
2,0ad4f5b9d308450095408f534322ee69,test
2,8a298d1a3f004082ac7da76021a1ca3c,test
2,3aaa5441e6274aeb82f333fa3a4835a1,test
2,dbebe03e3b4a4a959b4404dce08b1b08,test
2,99a19e9dba594e61a512bbd4eb9ce4df,test
2,bf53e5328daa499281a7d04fafd34118,test
2,a85ece1da9b3460d9e311b6c08aa4404,test
2,b98d5cbdc8044b858c7a56d01a258e07,test
2,c3e50012876c4f8dbd35cf763e97c67f,test
2,4518284c48724d129a41f3bb5d4d3e9f,test
2,644d62f67e04435bb9328c68033be8b7,test
2,aa9243a9d7324ffe940160ff41004705,test
2,6c96e93c0fcb4153bf5d2f7e5100ba75,test
2,1a88f5806c3f4634b87111fe95317c67,test
2,152e3b3f13224ee19f31c2266a067f8d,test
2,2e33082b5771478a910adfcc8577f7d9,test
2,802e843d156a46c3b8ef90e9a68aa13f,test
2,6d51ec2ba4e3455e82cbb7f3f23e8d7f,test
2,954d3d04ef5f4b89aa1092401233bafe,test
2,72d7919bab6a4649a0fbe9f39c83ec9c,test
2,9b34fcc7e2e749f6ac6b9daa21ee7128,test
2,5f79d278bb494e6c93f3902695a703b6,test
2,f5d5846e81144d0ca712517ceb28e0f6,test
2,fa25d1d05fcb41538b7b9940aa176be5,test
2,ea0a5b504a7a43848a6acf20d51e6132,test
2,f56247ea2c9d46fea5eec63da19271ff,test
2,6be8974b8bc245828553225465fd3508,test
2,f132da1291884fab9acfba59e49d5719,test
2,063badbdd73a4eb892083892b1cef3af,test
2,6c9b90a4ee7b4ec99596e92ccc38fbbf,test
2,14866052e9c74493a9249f9014c021a4,test
2,ae792a630910419f9f0fd0dc0c081367,test
2,df5324250a534e7e8c99d1e9823b0cf0,test
2,f1cd42b6d6584f91b299ab0d3297faeb,test
2,8762a5050547428194115e8b13bab253,test
2,121d8d84f87b4c109f4ea5c223e9d043,test
2,d56cd9426566480db99233b55fb6f4aa,test
2,faaa6274c55c4a438804ac45c0157a33,test
2,b6def4d21c774748a73c1777641c3886,test
2,ecf8b9a98ac746d4ac3a18dd85a3012e,test
2,d5afb0ef1044439b8e0ce03fd25677fe,test
2,ffa9da0dba134f8fa8593d6db6b8f2af,test
2,da6e0f4fb8664afaa605a73dedd1f2e7,test
2,5262cdb8736b4c5b9d0151dbebf76e6e,test
2,cf4945c988d049d381c40aaf5542ba30,test
2,b55d0edada994fe495b9e84452cb3924,test
2,7a486bf86bde4e06806867713d755c04,test
2,6c42f3baeec84cf394f824fa88d02057,test
2,18f86f44767f4770816d5544c80b5c78,test
2,4aafe6ad7ae74330a63f44be8a6ce836,test
2,33fd1d446a4c464fa14367d875b16b90,test
2,c6ee911ca42348cf8c9be194808bdb0a,test
2,28a69d99920448498bb504e917c74a5b,test
2,19b9ae6517ac482f8ba0ac29872b8845,test
2,fe8396456b6d4363b1107ab2a4225f23,test
2,5a77b5a3d1a347a28f49ea8ec04483e6,test
2,e80c4ea5d88c4cc5aa808250f3b119d5,test
2,109bb56628e84fc5a82cf4f779569b8b,test
2,9efd79bf88e2477b911ee09137a39294,test
2,f5aaa4e66362415998a85f77f08a58d6,test
2,15ffa5f47bbf4484b11575f88a321c5d,test
2,f7786325e96d4d759a616db3e9cf01e0,test
2,0291102986cb44aa9d40fbdd540c2833,test
2,7ee67ad08fb549408feac11a7a49e4c5,test
2,7a489a408f0246e897d5604531d7b2be,test
2,241d1244cd6c4181bfc5491a870c43ab,test
2,4155c365f2c547a49503f016a2dce92f,test
2,3d675c5f7993454d8f8f4158ff17172b,test
2,8e6a2170531a4622b629e474cf18ce6b,test
2,a11b766f4ec04e78bfa3c5ab355f84e7,test
2,3ea7ee5964d242a68b66d28c879ac12e,test
2,96f1acbcdc1749a8880ec3152129ccca,test
2,b9e4342fb6f74fcba6ab928d0d41fc7f,test
2,ab1ff7ef327e44daa6f8eb10ca9b14bd,test
2,6301c049e3dc4fda820c193937408bf8,test
2,a755ef7d61da40b9b396dd2b54f80be3,test
2,bb228d77bd1945ac87a09e99a033b8f2,test
2,f6ebf1135f0b4c3c81d3f9c02617a844,test
2,a3d90151492840948a591578f4a50a56,test
2,63340cf234074a0385583b294183d090,test
2,9c50688b20374ceeb24a1edfd58e6f9e,test
2,45bde89e57cf4bee83a444e1b39bdf78,test
2,f6c7285b518e43d8a02bfce9fecdc006,test
2,b89ac4d7793242a4bebcb84a71b2876c,test
2,9509242d0bb541bbbe96bf8d5a9e3b18,test
2,becb555dbdd2458ab415bc47b59652b6,test
2,a08d3fcab337468591888cfb6fa0261a,test
2,4d25c9882ccb4a2ba80b4089a3d6f6c6,test
2,15d438d36cbf484aabd988eaf41f05ea,test
2,d6c2acb104e3445fa4503e73244edb66,test
2,2f4c8d182b0042d6adcc134f744619e1,test
2,6c64be347f1a46548ddadb32314a5975,test
2,37dad399249144d2bf3c91c4188b43b3,test
2,7081fecd5ae94361b2dabd0416c056fe,test
2,df5b700a16834a5eb4fe3dac27699058,test
2,1f0e1727073847eba3949571b05de0f9,test
2,34b5d11f24684e72b6556eb6958a9ba2,test
2,03a85513a0db42d7933eebedde475837,test
2,cafc475526314d67a37d8d1b47567d43,test
2,638d8fa266104210bc59be92ecba1f83,test
2,06a2b80c426549668d4009a0a8f67492,test
2,cc3da31c1fbf4d2ab70308eaf1b9fa80,test
2,1b28eac8b87943cb8669702701caebfc,test
2,da373a8c1b344320b116380c6e30df96,test
2,cf93a34e610f4335a78a7fcac44d4f7a,test
2,0320629cae2e452481ff9326e552bb1c,test
2,24f95eb0582a4785ba17f4c5916f1d20,test
2,c8896b4af1ff4beb883751c008c1ce50,test
2,6d69e7bf4ca54c13ab83403dfde03336,test
2,134efbcb8bd94eeba4eaa075c5f84eac,test
2,aa432ecdbb754122b82757791b210cb0,test
2,f6ba5977191143918dfa6a82f58a5859,test
2,f6680188665c40d08188fff716a9636c,test
2,98f3fe278f6e4afe89dd0497840f91ae,test
2,5d99d56123e945fca2a73395008f3fa2,test
2,0e5ba818ffca43cb899cc99d92974eda,test
2,05e427719e254761aa75f6f25decf48a,test
2,b9591efe423e42fdabc1b5618c9e0119,test
2,12cf1bc521bc4c6a8253dd6eebc79b1d,test
2,6d7a855e2a6446868eef276ed77c2088,test
2,ef15ebbe9fb84052a07d84bd6e0ebc76,test
2,701d16107216428184bb9e9d97086c07,test
2,87dfd5c62a924d409d78b0a670dfb179,test
2,817ed9c008e34042ad682f17a9fbcae6,test
2,e20e1ea38f1944599c2044c1edc9d4d7,test
2,b42af6915b7d429b86cef67c131c6425,test
2,aa2f28c7e8904698bece7a14819607fb,test
2,bc3afa1c898f447c852424284d72798b,test
2,30c2e59f1981477b9dfc289a46a8d0dd,test
2,8a2e51e42bc54a46ad16fd56f5b981ce,test
2,e56dc158f46e4ab6a4d2a71e1fc6f762,test
2,bee643188c574e8faf4dc61ee4a57954,test
2,f7815c1b8b53466fb0467bc8b016fe0f,test
2,d4447550c8024a9ca75852dc7705efc5,test
2,8ea4f07d898c4b90a7dfbaf599d9f4ff,test
2,03656d446f014b31b43fdad8671da2b7,test
2,3a5d7b4d0c564823bbbda5e2a5ff0d1a,test
2,d7de98486e8b42599876497c9adee0b4,test
2,0bb278bcd6904805b41dc4af2b173a62,test
2,89480cca0842488a8e86c78a66d658d5,test
2,7ef1db009f684deab640b74c8c366b89,test
2,7c7e3533bdcd4b0bbc6b1ff0fbb93509,test
2,f8a60a412cca4ba5b2c17280773330bd,test
2,d88f6d4cb1454444bdff413ea4b4baf5,test
2,142b792743224b14b0d3299d7894e7c6,test
2,8e4015c200a04295b96bb381296be116,test
2,b074df2b4c8b425ba5d5352df0371c6a,test
2,84c2fc1953b04de58b59911a9ca143e7,test
2,2bc879345a34488fbefdb8dfd309f300,test
2,24e3fc3866e64dbab55bac8a51283129,test
2,767acc4496374e0c9dfaf4ec43050ef7,test
2,ff0c6d9e35e341628ef4ebe55a32d344,test
2,0a77ae0d230b4c6cada6b57a42653591,test
2,744f6a5f93e1400db12005328a607429,test
2,051d2aa33c1d476db6e8bb3ca6b7dd14,test
2,684a91c680da4e3387dbf33f0eecd38b,test
2,2b916baf33e44da99503e34584e4414f,test
2,89b09a45c53040c0867f66adcb661d37,test
2,002908d54c734cbf9c4cce2b5441ec8d,test
2,33ec3395f65c4ca78bb674810a971c56,test
2,bd6725398a384cd5a5985235259da9fa,test
2,42ed8f96b9d64effa5460aa538a6ba50,test
2,07361543868d4dd0a78f599573712f85,test
2,08b8ff91095b4f328fcc8326381d6777,test
2,c68d94a6f627409fbbec4c634c055611,test
2,e6dcf7cdb7534376a508983182e4b5de,test
2,d8898a5733a74ffb9f428ce77d368ec3,test
2,8145122544d147aaa319ba14f984d0a9,test
2,2f30240ad67b4b7680e7ace42e9249f7,test
2,da38a530f8f94442858168c10ee19dc7,test
2,a0d1bfce4b8641cf8c0ee40eacdae351,test
2,699d760cb58343bd8482b1a5758361e2,test
2,6d68e42593a94a80a34b44364934da2a,test
2,19799f6aeccb4fcd9614ece37580911b,test
2,69f02254c50f49dbaecf79adadf98584,test
2,38bc482f8d9142e287fc6fcf378680f6,test
2,89e8e3a65e4f49b6b830a15859691fbe,test
2,ca0e7ec340d243b8ab05323080914216,test
2,a9f6a148e44a4bb0b5ab6363bafbb824,test
2,1f81b4f3a5c8451fb770aaeeb75782be,test
2,3747172186324f9782e117c6c4e53acd,test
2,74973833918840f9a5f7dbef38f2be31,test
2,a64d8749203f43798a0734800b216ed9,test
2,e4f1e663d3fa47bca5d629724cc90882,test
2,d452f595ca2a4a44bd0e3cd506cef867,test
2,84d5cbe9abf747d1befb6598934a79e3,test
2,db6f7a25357b48b6942fabbe552ff77c,test
2,dee127d462fa4bc594fa6d967ca79f94,test
2,5f8f50598c044f6a87b7c918fe0fd571,test
2,9dd92f6b28e94d4780c3d15da059c09a,test
2,0af739c8d6244a4d92c0fc4521f76948,test
2,e6896a1140cb428199d5873fba4b0b8e,test
2,6df136d7f8d54b4abcde1692b5433d5b,test
2,07f900c060e6463ba54d64c3f6f19d12,test
2,a0581e29346643fb9be8d90aee1ada5a,test
2,fe31e9524a6547a2aea620e32734ad1e,test
2,b3e989b9aeb24032a1db19511c31b9ec,test
2,82cbed9f4b034d8f9c130f281836bd89,test
2,6ce9dcbb320a4c2ba96eb5cbe9902068,test
2,4a4d451e636140feac56a05a784f2397,test
2,5d6d4891f038492faf5f8e99f5bd1f79,test
2,6845dc1b37134121bae27a3d1040a0d3,test
2,77b6217957344b3b86421947a1cdc82e,test
2,bd0c7b54033e42198bc881c8c2fba384,test
2,642012767a124c0aacb998d2cc33824c,test
2,1690ad0a1df649dbb73fe028a54cfa1b,test
2,d9c17e84c3e94adebe57469d9a9cbb6b,test
2,6f6ee138c5ba479e974d3330198ca317,test
2,b4a161bebf1e4f7fa43664d106d0e8c6,test
2,3460ba7a61ed47cdb99e4e6e841abc5f,test
2,7dc83d430b1746d6a4add4a844fb8478,test
2,5355b413bb324d628badaedcec900245,test
2,d1f5d757cfd045238bf7fa94b065cf6c,test
2,7c7b7807ab7145e7b7426584b2cf2b19,test
2,aca7fa5c23394853a4ead54961b05cb2,test
2,01ec8843e75d496892248da61e09ebf2,test
2,4c06bdaef2424e4ca908c204cdb1638a,test
2,c3f34b0043ed4361911e87270b741733,test
2,69feedfe3666494db2103b67058e4a11,test
2,f32cab05189e47ee8e801220aa92336a,test
2,1bc7eba8e56140709d772be38b93162f,test
2,bb1924307d39464d93a504cd55641908,test
2,5fb4ad733f6148d29e87d902e68e9741,test
2,1b2b1cf2922f40fd8524ab084b480492,test
2,661515109ebd4879979376408879302d,test
2,cca05c1c36aa4e7f9d761fc411ec38a5,test
2,d5405f7fead543f9be46352b82401b77,test
2,3677f2f5b6204a0eb09915bb1dcd52e6,test
2,affcd20fe5f44b1ea4dad158656788b5,test
2,58ab805adf71437ebc64614268c92bde,test
2,df4eb9b301dd4e74af8dc2db16d731b6,test
2,5f7112a48f304a9881947d6f99487a2a,test
2,06dd7feb655e4103bb923514b9c66c8a,test
2,dad5ddd8c26e46b28562fd38611385cc,test
2,dfc7732838474161829e23e8072d83c5,test
2,4c9d2a28004e46a8a8b5bcb3870e9e8d,test
2,136847ffb20049dc9e1029971ff62be8,test
2,bd75279c072d41ff8f779ab4d2289828,test
2,a9989ec4b5c64aedbafe0e149677636b,test
2,ce4f34710ed2459eae660ef5b35420c2,test
2,2fc905b39eed4c96b18272bc4bc77930,test
2,13ca44ee1fc048738d95cf705050f4a8,test
2,228ccf11fa0a45dd876c47742530dab5,test
2,bd7323c2443f4146b2ec559a7d28f506,test
2,ca2c87718db648e894066b3ccc4832f0,test
2,ce4eec409fec43519488a2cdf986a1e0,test
2,6910dc9f7a3d451294b951f63e0661f8,test
2,14ad83cb2a0144f8bb650fc991cca230,test
2,fdd7e81e08c64c30850a169a510af7f5,test
2,040160c914bf4b1bb0ed76acd86e3ab5,test
2,dc06bb32e47f493599f6890391f4c750,test
2,e2e64a2d2b6c44698812da5c959268a4,test
2,04fb92a58d02474385c7d9bc07acd4d7,test
2,1d3d06ea108e439faeca184a919b4835,test
2,f0db7ed99d3d44e8a7db6021cc27b3bb,test
2,396a1d85dde54116bf001438b1e5bb9e,test
2,9215422d351d40929d272233cc886895,test
2,84ddf17156624678b5c10ecdb8b3642d,test
2,66c85748f6594293bb9ff2442e9a47e1,test
2,43b040278772485f89049bd8d61536eb,test
2,e9de19335f8a42f3b94423e4d61a876f,test
2,9a87050a5f38496b9b563522a537ee0e,test
2,4da078d0c43e41beb48d25f63bcd194f,test
2,6ffdcad02aaa49e7ac14eccafcabeb96,test
2,7ea3c9bd1e154e08b439981a0a6209c1,test
2,194677ebc56e4b72b3be53fd32478896,test
2,bf3d47bea79a44cdb8dad2363a0ffb36,test
2,e9cb4640d5144a34ba359e2aabea829e,test
2,671e08f2501d4125813c6c18fee45ac9,test
2,1246e7360827465f8ab70ea4890d86f9,test
2,1cb5047e2ed543a18ba2e4a84cdd543d,test
2,bcd354236be045fcb4c7dfd427ff59fa,test
2,36e6cb586f68493a9214f349154e1f9e,test
2,029ac2589d624eb3806e2f6a258b2177,test
2,696ccff4cfbc44bbaae5caa8575005d8,test
2,6e57ec31c2ae4a9a87dab13ed738e557,test
2,9f2b780384f044e8a0a60d1db165df9c,test
2,0f7c9ec52da7441f84c7358f6e847374,test
2,6b7bd8164cf94e2183aa7f4aae145a94,test
2,c08cc3e78afb44939c8e55822e161bee,test
2,0189be06941d420e9bd7e99b2aa43107,test
2,3627c0ecba3745f0a1ff5f94e9781b1b,test
2,1311310858bc42f5afddb68c7bea2753,test
2,cd2d7e8d1b244328933edd9e50dc074c,test
2,fe5e60857fe04faea118ba1b65ec48a4,test
2,50655780feec4320b1414bc71f9b4456,test
2,e01b3d86d13c4beab779fa70a65d5b05,test
2,b430e005527e4f84959d62cd8579cf60,test
2,9992a1e8ed24422d9526b39b123de33c,test
2,61cdb325be924344ac40f3cd573813f2,test
2,af97160df9ac42edbb78816001b32611,test
2,47d88f17b258422bb80704ea61bd94d3,test
2,5e98b33d7c954c3495bf91568ecdd0fe,test
2,250f0e25c4c9415a94aa112f78845722,test
2,3aeb90c5232f4b6faec6c38b4b8c8b9f,test
2,8985daeae39c4767874e5ff647493b4f,test
2,3d5cdf57dd6148fb91bdc2275f610dac,test
2,02d0ee3b9c464a90be49da5bd7aebd05,test
2,08e12128ccf64813b0f952ea7bce9743,test
2,aec252f256934f81a65486207f28ba48,test
2,dc5d5b1925184cc1bdcbaf650e3d6409,test
2,51c5c58cfe5748b688fef5920f7963ef,test
2,c414cf2fe3de4c138147660f1946057f,test
2,2b0a02049a6c422298b4c0f3c936674a,test
2,268480bea0004cb788448bf827f173ed,test
2,cbc287caf3b54cbd8781505303ae4156,test
2,9f1a28620a5642c59468bafe3538fbce,test
2,ba93eadbe7d746cc93904d89382b82e1,test
2,0ddc8f7fdfa4472094ed0fa611cbf1ad,test
2,9a954dbb180541c9a37eb72d63e1bf5c,test
2,a5f3a801a2924ad0ac8a1ba59924219e,test
2,c82a2d1ca6dc4a2baa989bc26eb331e6,test
2,af48e5958b704f8daca18a9187474bd0,test
2,9d8ff49de4974b4ab232b0886a0b12e0,test
2,b317e1795db749149ba7274c77044e49,test
2,6deb2169174c4763a6e14ad991833885,test
2,8a81dae07c91408894444e0eb4ff4c66,test
2,57fa9a7ed8d94ccb86b3571a01cbe2c4,test
2,d71aaa5499784be3b80d8df6abba7400,test
2,51ce344b97df4064be55c636133cb948,test
2,96ec77138aca4b598945df377c5caab1,test
2,ee57f1af07f14a29904abb1126b9059f,test
2,57887e6145204a8198e814904bc5a13e,test
2,05d6ad52f19b4612973e0a5eb6bd73cd,test
2,131f2b7938a943669dbba8a23484b6ce,test
2,370b5a4145124ba58876b46e3ebc6ef1,test
2,df82ac2c99364c67b37069a468250c0f,test
2,fa748a1b393042fcaebd9ad6c1b382e0,test
2,01a9426563854102ab06fd7c9b9321d3,test
2,8c9181fda3344086a75c51c0707d238b,test
2,1e8945a75fbe4f7aaf3abfbed0d099a4,test
2,ea8ebf8d948f4f9e898c1726f7c3cec3,test
2,f2ef4e33ee904c9a9017d860d8813bf1,test
2,f8e580ac628e4496ba3a71b7210a5557,test
2,6c06e81881a148028cb1418359f842fd,test
2,248e2dca4e2b46c39207ba59804abe70,test
2,9a725ff9d1504b508d6121cbd31df68b,test
2,59c088ce694d413eb2511fb8f60f4e0c,test
2,0bd80ba2a2ad44eb94d23833870f5854,test
2,ac406317448041de8107f977cf901a77,test
2,147e5016c7704a979818cdc1363bcc1d,test
2,70098db56c2e41dfa8cb90e8f19ef63b,test
2,cdf9d03687ff4f7a83258854debb7675,test
2,6967e859f7084a54bbafe777b1ffb4fd,test
2,d61667abed2b4f8a89b05875cbabbc81,test
2,fa489087ea3f4c9cb06e5a2988e3af2d,test
2,58aa5ef775e14531985c42bb601d522d,test
2,ab152aafd0f3432cbc403636ac73ae6a,test
2,0be05fd12846487fb91bb335b1228bc9,test
2,6fd8f542b0fa485ebde5c4f5a2f34af9,test
2,b73c12d64e2b479294adcd9b18a25afe,test
2,8134b00c202240dd8a45b4b474353d02,test
2,1b6b82542b0941c39d991c895353e673,test
2,758300919b1440e28dc7b2161f71947c,test
2,b25b262fb68746338588d2165d8e8d39,test
2,27353967021e4785857f3823c6f0d798,test
2,9bd8614710144cda9835b41d308292b5,test
2,796e7db8ae9145169f3da590fe7301a8,test
2,6891fbed1e46412e97416ea555b3dfaf,test
2,fd2b13aef5c046c0b1a430d355b67370,test
2,75b9bc9aefd5479d89e9c0f9caed8027,test
2,01072bda219c415a99060e4a3d801103,test
2,f2a799ea8c984466a4009bd0b6de0d8f,test
2,073cb30ce2e042c5bc7ee44ff534dce6,test
2,b0d38feb9e5249bc84edb9ee29a1a2e5,test
2,434e25189b8b4675b5afee379ba8731c,test
2,e3fc84d57b084dfbae298b98d3c0746d,test
2,ec558ea41e6c4b01af104e158b1a5262,test
2,fe52b42b084645ba9a6f60797d2b48fd,test
2,2d972a38e3774fa69e06278f2af27568,test
2,f6dbf2200795457882304ea457c57799,test
2,3ca49c238c5c48fca3be6f288f91cc73,test
2,eb2c563539e94766a7745ab455ca82af,test
2,49e16b01fdc641b6a8443d70e462d9e9,test
2,93e032f481704adfb0eabc565a2836cd,test
2,4002980ffc644bcf91dc25945a4df347,test
2,f67875ab0d1640f3976da076ea30447a,test
2,a4ea2f2094a4470b9b6e76ea77da8811,test
2,594121f21cf7477ca5bb71b4d2a99e6f,test
2,f3b67579d3cf4e9296832a56ad74d8f9,test
2,736c691deb714930a7a6767184fd8c89,test
2,73cec469f0ed4c94a4c0e633bab6b7ac,test
2,918dd6ab74c748bba52167bcc7a922fd,test
2,58163615d8bd4b63b2bbd316e1bb4543,test
2,beed34efcedf4fcb9cc7c8fdffec0fa0,test
2,438d9af158924bb0be41f0303054d031,test
2,2bce69d262ac4056a63c74afbd5f2bdd,test
2,52827920a5d247e3a56d7693b74e434d,test
2,b77804a5c28a4803ab873f28981137d0,test
2,0e1454fd97ff44b0aa8deea63fd3b5e6,test
2,b228d9a8971c4ce398ed958ca546d216,test
2,1664fcbf5f764e2dbd47ac60a3924350,test
2,a02b971abfe543e68fba66ee05f5ace8,test
2,57df1d8959e246c984545d9d0e5e9d19,test
2,86fb711e5fed4d1497edc69255e3fd20,test
2,159dcef8d1da4ee699459708c9f70540,test
2,07c0441150e74cdeb40f9d1e31372459,test
2,f403ec61f9b046858ed85b0d2943ff8e,test
2,c2b64661ebac4555964d2a08cc07afff,test
2,088f8f1ee54e479e985ddc92a94bed87,test
2,21874face03b41cdac010ee00800fb40,test
2,4a99fa6cf5234d5981a511f6dad1c13f,test
2,18c0de34b8b54c30ba69e07a10d6fd2b,test
2,7ff2e17f2d884b5b8e371b0d926c9224,test
2,bb297feb7fb24bb9a47c8ef2fbfeb039,test
2,d0575e3063c84d4cb04034cf622a6e8d,test
2,13526e6eb429401c8a03e31ec06401fc,test
2,3ecf47f62df74ea1871f4902f5ab6f40,test
2,9b5b172852864d018d1f4e8f3e3b6559,test
2,d4fd93ff0d3e45a096fd99b9260a044b,test
2,747782439f4f404bb9db8c6829498bff,test
2,8f0d472425504892a387cc6cd374a4c1,test
2,09dbb576f04e4aa9b4d9482d2aca5a9c,test
2,f5492fe1d344426c9ad7464c0c1c2766,test
2,de31f24daea04007975018b9a4f76051,test
2,c2dbf7d1789b423ba3aefbe25ef9bb02,test
2,a19359af849b40619edbc47236f7b4f2,test
2,b32d63b0bf83440e91194fc43c8e8a33,test
2,54f6d954eadb49f7af53e986832b55aa,test
2,228ead8895cf47bb9d1ad67f3fe70e67,test
2,973362486b70452fa940997a60102a2d,test
2,8e8e1279fb634f9a98856bd41fecfa3a,test
2,217c1103dc3f4be4bca96966d1bc301d,test
2,1ceb53bec2374440be0383370341f88f,test
2,2f4b9b8bbfb348c7b3911d6bcde92bba,test
2,209bd51bcc4a4892a239419b8dbcef00,test
2,f97ef0dbc0cb4d94935370c48d7ff039,test
2,f15398ed73bf4b6cb80419d59f202b93,test
2,fdf9ef48743d46e6857883f4fa9798c2,test
2,dabfccdfa0f54acc823e69024281a9ec,test
2,1f760c7f0f3c4ae2b7c9783c74a3596f,test
2,b3f19f27418443cebd92b79bd1bc6b09,test
2,bc9fc6b73abd484cbef900383add597f,test
2,6c78c7c543d3470da9acbc1b564cb066,test
2,f6d1ede4f02d468bad1b833afe729354,test
2,fee17b5afa984c348ad2b9787993ba22,test
2,6a301ea595864d108be483db3cb0926b,test
2,b0be6f5c14894ffbbf1a5d4b38373dcf,test
2,e5e559d055d246bba880c555ecbb04d9,test
2,3702d73c7f394d8b8f754ef888349cd3,test
2,77bf067037574eec9ceee0d0f4e1cd31,test
2,bae3606a92a54031ae76c50793a8b1a9,test
2,6faad979f53944e9abe63a40cbe25851,test
2,117209f337d34b51b4a1a1df60a0ce77,test
2,a6ff5db48a0f4ae2a58281c006a5ab0a,test
2,0f497d9fd878440b81ca368bff1a7681,test
2,d7d032626e9c463ba8693f21950df12e,test
2,dfd963d53472447fa5ced3782f7db93b,test
2,2d7a9983ae734456967cc44fd859fc88,test
2,ba1c121c4747426785f3aa2773b7e2b5,test
2,a9bdbddc245944b3ad76dc806eb44724,test
2,9c657decbdff46b1bad15610245a064b,test
2,fc105853a516410f9f1f63ff0c091403,test
2,ac32dcf66b254e1197209e4718e5d527,test
2,9da98896321c4f7fba59f16ac92e9505,test
2,26b3aafb53454931b74ba670ff66ca53,test
2,4b0c18f9f27148228e24e2225c23d0b5,test
2,af508492ec28428e9ab76bde503e00ee,test
2,d07b8d8233224c98a3b56ea8bd5a7b60,test
2,add1e6aef9cf41119b76de905bda64f7,test
2,6e32b95ae53c4eb8844148d42ced34e4,test
2,bb2136d561c3477f8ef1a5035351bdce,test
2,7d5395d8c1274194bfea6a353c00c019,test
2,e25ff4dfb8d942c9a6ffc9caab3cb1bf,test
2,3269ca21d24a4bcd8ece9c04c30a2b6c,test
2,84a9d01294204f3fba2852b3a2a62141,test
2,3dfac501ad454b948b48fcbbfb17431e,test
2,e46ca1f5221341c7ac1430748446d7fd,test
2,b93a6b28082448dc8880bdb89797c31a,test
2,24e908d186064916bad324125554b224,test
2,0147a3db3b5e4e928ef53a7a235e8415,test
2,48d3ad92f06a40c89e823a82c5794069,test
2,250f12967e03412baaa51975fcd82527,test
2,d4e7db463c964245a39e16a293e0fcc8,test
2,2c9e8e4fb2e242f5a7ec45e67266167f,test
2,f403245d2a0a4d75929ad7acceb4a2dc,test
2,44cdcc559bc74b999416460d45ab21ab,test
2,ebfeda83acda47178f0368a3b6a19976,test
2,aeae1be7379b46f1ab1e59614fdf323f,test
2,98add6d4b32643f98e76c5b933cdb5ea,validation
2,e180ee9caaad44abaa73996fc586783d,validation
2,4a99259cf6eb435bae22d7d37514d26a,validation
2,47617b92bf95420e9274853f6d952c3f,validation
2,28071c0731ef48069e123b3f45cb0913,validation
2,78043b67898b449a9ce664d6f01ec007,validation
2,a397930975a9403f9553769dff1f3710,validation
2,72279d781d994779a601d26e76e05f1e,validation
2,1a632a7982254d87bc4792b0ef188d7e,validation
2,c7002f2c1fb744acbbe7571239a1b566,validation
2,8d25a3d7f4974395a58aec2a0198f40f,validation
2,c75baa8c2f2644beb5eb4014a4f8d560,validation
2,4b524ea4706944d5b2d9b98b9b9f713c,validation
2,1ccb0b9c53354c6998803073265c9cb1,validation
2,4db8274dd4ab42dd82f5f2763406c07b,validation
2,b28cd7ebd5d948f286f8913e85bed4d1,validation
2,f92749cb2edc4a0ab3955a3172efa829,validation
2,055a4d93cf374ff4a9d63fdb9a534971,validation
2,25998bea935d4fe4912c39456ad9f362,validation
2,bd85afdf749f4684ac8e6c5339b5efc7,validation
2,5c9e86ecef15492c889e435a3d382512,validation
2,9144dde030fb4ca1b1b9f82ab506e744,validation
2,55cb1c68427346f1b1d6aee00abf7bc5,validation
2,2ebb1030ef3a4be29c7b914d84b85c1f,validation
2,54a108d509dd4c28a6589ccbad78d115,validation
2,5824b5cc0a1943a5a5a3e1f2c8645a59,validation
2,6e7e0492ed3c44edab1311dfcb052df9,validation
2,6e6231362fb040549fa45cd325621274,validation
2,a7fcfc06a92e46eb81658dae008688c6,validation
2,a851ec15250f433198164b7952972a12,validation
2,9d2a3a474bc14b0d93a8a32b476a5890,validation
2,4f72a1a4a25749e59003841c6b5d98b2,validation
2,ff19e130d9f84533b1e2c8972ed74cb0,validation
2,41f942716cea4f4fb69af5058aae0d7e,validation
2,0bb7292b6adb4e4c850448f52c9beedf,validation
2,582b25b6f6b64c7db1849ad33cb0ad3f,validation
2,2f6c5689ba934048a74d289cb8b710c4,validation
2,d5ec342f38bc4c7eaeb1f17417203006,validation
2,134479c76f194a8aae2297a62f12217b,validation
2,66710ec382d547b19035f3ced287a208,validation
2,3240dbb6e9d84e919a3657b1f0ed3ac2,validation
2,718d1d36ac4f4dba9c9fcf3b59b739d8,validation
2,076e3ad6e3454665a9f6aa308e3416f9,validation
2,61558871330149c290cf1f64bcf3169b,validation
2,96320000bc20430788ea7c2d488321ec,validation
2,0014d26158b84aa0a63066bda84f0337,validation
2,e83a24242b2e47e7b006455741d1ad17,validation
2,99fcd9cdfe9f4101bbefa6d61b03219d,validation
2,98f0dae5e3b6493f9bb81ecdeee92775,validation
2,5d549b821f4a40f2b5b2036c9d893cd2,validation
2,a4344e3299de4cc0a1f8614657c906b5,validation
2,bd1c11372af546e1b27681dae87d800e,validation
2,e615f1ca705d4f6987a2dfb48bafb7bf,validation
2,823348dbec984b7b92e67e4a9a36c6e4,validation
2,daa1199cb20245c1b0d20fef3e30c7da,validation
2,1962d38b56a848148c6fd7e14dbbd93c,validation
2,d61e19fd6cd84190ba70255ab4319fe9,validation
2,002de1880e834b9cb193676eb3cad8fb,validation
2,bf757743894a4a35ba41ee0287b66157,validation
2,4bb85d9bad6f43229ed78c330fbd386e,validation
2,0d946e301abd429aa7ee9e42889ab07e,validation
2,882c0163df574a979cb667731bc5c99d,validation
2,e69e5f15fa2146acb56fedb1449f4eb6,validation
2,420466394bc34905ac5c8d72249510f5,validation
2,f3d76020a62b4e85ac3950898282fb97,validation
2,807f810a2077424ba635623f15b9c927,validation
2,4cb0e6d0c96b4b978c7edfe3e290de10,validation
2,b2aa86e423764b9bac4863e0ff99052f,validation
2,7b934a841141464cae5128bb92096797,validation
2,7f791f7490a3468d9afb0fdb11af7016,validation
2,e7ec12cb2a864352948cd3f10a4e98df,validation
2,aa1cf16bf11a4a49b2e6a3b9eb567442,validation
2,860b399254ed4affbf0d48593af3e120,validation
2,d8dd9de289ef4bb7a489fc38ecb1c88a,validation
2,0187d784559041198b24b421228053f2,validation
2,85863a3a345c4925a9251c1cb4da1a1c,validation
2,a5a651192fb141df84478baacba05594,validation
2,cc5733d2e5d44657844d9b76cfe7e82e,validation
2,3b9fde21bf2d4b5daa3225f36a9fef83,validation
2,a3a4c0b9ec3c4bc983fd4fa5ccffc270,validation
2,08dc3df8c8e04ddfa4a3db4af1816494,validation
2,2504b612025c4646b8258e0c8c6d56b5,validation
2,7223a28f8904411497c6af626536b605,validation
2,3bcd2c7b7dd04d5cb7bbdaa8d7420c7c,validation
2,5d34555070064eed9437b0fd27cfb7e0,validation
2,08052f577c114fd3acd70055fd2b026e,validation
2,129f058bcbc14608a0efdd6f2aef244b,validation
2,dec0a8ee12cb48b48d9c93c4bc65554e,validation
2,03e09377cb98459aa231f6fe70829cd1,validation
2,7b7aebd414e64384bff7ace92ddc49ea,validation
2,f83dd9aad9544614976cb4202b5ce5b9,validation
2,a426a542195a4295b32642e0020fd45b,validation
2,5217d7945fb54bad91a6b06c2a970689,validation
2,fb732d3aee834af6bee4726c26d0c6de,validation
2,addc6b99981145e3ae71190eef62cd8b,validation
2,d7994007cd3143ed88a4da39b72aa8d8,validation
2,165b9e59e21a46e1b05596f4de0b516d,validation
2,b7d026f629eb415793904654b76addb7,validation
2,a5874a1aa12241579e96c3b5d7f94787,validation
2,dbdacaf6aff14bfbb47222ea450d9271,validation
2,ce19d04db27243ecb53d49f62eb83117,validation
2,c3bcd4e024724272bf792863e8a41f75,validation
2,97acc17c98154e00b937dd54e5cbb22d,validation
2,f48e90788ef644289c443424368cedd5,validation
2,9c4f75a7803c48b390852116bab62cea,validation
2,798fadcb03d140cf9faa144688b318b4,validation
2,69dabf345e5b4e7e854548e56279239e,validation
2,703dac8de70a43bab92ce4207a724c74,validation
2,19f383860a5c4a61a5b64f3e9d923766,validation
2,4c211b7845394fcb8bfeddf8c3fcff8a,validation
2,24085b19dafa4ec99dbfb9f1cbd9c67d,validation
2,a891c1db459d417ab9d83b8ed845b6f0,validation
2,91b9d22060f6496891452ca9689a22c3,validation
2,fe7998a26467425ebd4f3793041e5e7c,validation
2,7a3af4b6949a4939ad5f17cf71f0800c,validation
2,8651907dbe094230be18759948e6192c,validation
2,eb4920e200894f279e040405388a33d7,validation
2,499b6742fb4e450ab1076e06ea9f669a,validation
2,ece008e82b844e77ba80a0d3c923d31f,validation
2,330d6dbeb8b04cda9720eb245d0ee827,validation
2,84593acb7ea7430984fec8a9670ee802,validation
2,0bb4e9c75a8744d799e55d786c824b3f,validation
2,6bac4acb606545f3808276c77f6488d1,validation
2,89162b76181c42be8f10a8b93aa6d377,validation
2,89c8015141cf406ea8e56926dc9f43d2,validation
2,e288167bb57440678c894b5529730811,validation
2,2b6ce16153ad43e59098dc1aad4917fc,validation
2,3d73b1a7170746c7bcae37ab00fc8845,validation
2,1339cc4571c748c7b78d81577303609c,validation
2,3bb86cb940134be8a16490a136170360,validation
2,cb46e3f2a126419c8cb6d83a01e4b501,validation
2,39013d3ebeca4726a61d2a790a084d1d,validation
2,7b1e77cf8e6544cfa1179b5519abb93f,validation
2,7d547360d3af4d138e3a9f9e6dda9fc9,validation
2,98966d7f069e47dababd21bdcdfe4af8,validation
2,925940d7d6334c0884c6a0aec597b12b,validation
2,4c3ce93b9901412180300c7d428f13f5,validation
2,5db087d0bdc24617b81da0e703d4acb2,validation
2,d0867b22bba847748342055c10da62e9,validation
2,89ca9adeb6e94972b2fe4513dde0b95a,validation
2,a92d17a10606432da437226bf9d590ce,validation
2,2794ce4950b64973b8938c16f51c1268,validation
2,d946967a9d3d4f2cbb3b315f912dd98d,validation
2,15e982f7533e477ea6ca0ce1ff7189ef,validation
2,fbf86b7d83584afb8ab16a9d3805dc85,validation
2,d0ce43feb0d14b56b6f9d49d3ceaf5d5,validation
2,ad3bb42dec0b4f7881484bfecaf79545,validation
2,8d893c7b70a141a5bb99ec5aba6e578f,validation
2,917607d814ac4112b8386c94b684417b,validation
2,51f9d36b873b458faf0ed6902efe46a1,validation
2,f2a74ab5218b498fb53e92d6fd2f5c7b,validation
2,559c961dd6f5456080fd95f64cef42c1,validation
2,0cb9ff152676466a87556708af8b5358,validation
2,5602d2d99b9948aa8f33fc533466c86b,validation
2,25f8f7169a564ba2b9fd216a44fc36f0,validation
2,de3aea5e36234e16b16da101f84f4ce0,validation
2,74d63f3060fe4e8f8ea2a8401f4723d7,validation
2,c5ba28d4202d4595b308250f44ac3455,validation
2,51d6c083cc384dc8bf748eceb34b3fea,validation
2,9619ad2c5f7248b1ac8187382b31dcfd,validation
2,2158ec4cd4c34c76835012ccc55328dc,validation
2,6ea552bd73d245e485b169d23b5e7e48,validation
2,89de5d70bc6e440b91537221a81479ce,validation
2,2638013abc154fec8391fcd3cad5cf84,validation
2,f5c39099f82146cb9e0129e1536e321c,validation
2,6564d8c981394fa5af18a96eb2f2236e,validation
2,657cd1f0db234c8aa0c8e017d739c4f5,validation
2,c011345fc9d44080b751f8157cce7296,validation
2,5857ca22b7e746d3a8795f00c0d8b96a,validation
2,420860107a82429fb2e88c40f538f623,validation
2,0a5335c820b3416db5c8bb56687b24c8,validation
2,280b4d6d1d7b4434933c74b59212725f,validation
2,6dde2f97d0f34985951e1e6262f86ffd,validation
2,15786159f343453686dcb6dac6b2acb5,validation
2,39379524ef7e4c27a3b4299767b91da2,validation
2,d3fb2e8012e84389aace84e5f38177ee,validation
2,c8f6aed53aff497db711d638605c0be4,validation
2,b57eaeb9b8e8495ea11eb268eed6148e,validation
2,4e186e2c39234c798c55bf6823c29bfd,validation
2,e829236fcb19441f9c759e878fdfe851,validation
2,a57ab1ab25504a76a9df50e38365870e,validation
2,7b6c561488ea4556a8ea4f4b61c8cb36,validation
2,e729e0e23ef9436488ec0591bc0777fd,validation
2,f9021338cd414c0eacc548274fcca6bf,validation
2,db1facf3ff6f4f20af64d670ddf1ca58,validation
2,68ae14cbaeec4fef8094586e48c6e2c1,validation
2,e5c6e3111c8145938fa18a0be9aefc24,validation
2,261cc9581e29408ca1ab2f24e635a86a,validation
2,d3481d22ed7841dfade5c995b94ed62c,validation
2,59fd15f81226449a8f189a9ddd83aee4,validation
2,b5c766ae0e204356b5f90c4bb321d27c,validation
2,a77aeeeac84347f2badfeca74e2631eb,validation
2,6c1cc59cab0f48c8b633391cbd655a7f,validation
2,4bd8a52421d74b5d94ea71f6a8bac405,validation
2,2a1eca00a814475eb8790123cfa91231,validation
2,c4037f047dc449fca2f7b60f53016745,validation
2,33abccb6528f4dce8e7c7cc4df47ad56,validation
2,87d87bec7d8e49ee9fb82c47c5e383cd,validation
2,5ecc914902104e96a90574b1f0a93bac,validation
2,e4c9f500c9c9487ba1e3a9fcbfddd052,validation
2,02e5678638d54e8785e4c18fd7c90226,validation
2,48b1424c9a7641cab451e3771f1f4fc5,validation
2,9e9ab011aa724241b9a1406d97258e6b,validation
2,900467608f604792b470a80aa7d78778,validation
2,5b2cc6c71ff54b50bfde3fd4615cbc2f,validation
2,9ac5d5070ea246428361a7fac626f636,validation
2,b40fe590ec6f4c41b25675229d1e06e5,validation
2,3564073dbc20463693fb505771da9053,validation
2,b840382253c546e69c2c1e6b2544e82d,validation
2,00bdca52552b4238a3bb709586a244f4,validation
2,896090df063a4cf0bc191a25847fe3e5,validation
2,821016e96d0646c99f9259625ce9185b,validation
2,12257230416a412d8ef804dc0eb66363,validation
2,726fccd1554a4f28ba612cdbda7487c2,validation
2,55e2642f8aee44d9bf95e011954c5d42,validation
2,d24b6a62ea95458f82dd7a878fe18fbe,validation
2,6338f7fb5bdf486996addcef6ae3afab,validation
2,046d8ba85cc6483695a1d8f419e92315,validation
2,b6bc73ed3d6b457a94c8cf731de0e9a4,validation
2,3205038ed0214783b7b436841821d702,validation
2,e6b249787eab4be583532923f1b5d2c0,validation
2,61f1be1bc5024d759c01d467a39def23,validation
2,e8c502f93f8d477599c2617d4939c2ab,validation
2,308c5c10e4c34d1e8a9774c1cb7e7eff,validation
2,eb7a357bb7ae4ef78460fe705946c05c,validation
2,c674321c9c4f400fb6525941eaffb6c9,validation
2,2ff59e8c51764b9ebe6aecc1c76abea7,validation
2,44bb9328fea34f45b9c2ad4e61b2c300,validation
2,32d8ce7a4bbd4f849657de2f43ae6bca,validation
2,2e2a11f3a116461c831f55bca307a244,validation
2,a2f63db0643a480d925c6123649a0627,validation
2,eb4bcc979dce4a7eadff5d6145e9dd25,validation
2,27b361e353364f489b43b9e195c82eb6,validation
2,2132c0a45d614567b5e6b79edd2d44af,validation
2,587433fd16bd41018a4998b3ba0a8ad5,validation
2,e653f486c9694674800712a69794deaa,validation
2,32ad017419fd4a4390631e9a03815c09,validation
2,d73582b5ee4942b1be325faf4557ca10,validation
2,c9a08749a8b74fdea283a6c3adc1e493,validation
2,6e56c406df41448baca93c321d5a37b7,validation
2,83868b72a26f4e9aa2b89f3e7f5fb818,validation
2,6b4c31493e124f9aaddef4b8b4a113e9,validation
2,39bf89315e9b44e5831ee8ad447150d7,validation
2,e920be7489c7435ba79aaefdb47b3680,validation
2,e397bffc573348c3810ef7331cf65798,validation
2,70c8e816746542cebb9b5335a01dc509,validation
2,475d2250d06744fe97c59828815176e4,validation
2,0e380da7e34c4c8c84f655dc4642b812,validation
2,c65de6be23e04b40ade53c0102bf0e19,validation
2,c624d8b8b2fa43669624888c2985bcc0,validation
2,3316c60f20be46f383bb31d0cabec482,validation
2,cf17c9e9483b4c71a312316aea1a1e39,validation
2,fda4c2ca188249c58a411af1ec61fd06,validation
2,4c4cda018fdd4d2d84816f8788a4bf3f,validation
2,f2381ffe4e3b480e8567b0e6933945ae,validation
2,d0f8abd8806741e0acedf2c5b3644333,validation
2,628193ad634e4787b65e3ce59e472b4d,validation
2,63fa39167f6e4ad0839730a8c08229fe,validation
2,7c9c5204de8c4697bff09effc0e511b1,validation
2,f4e7670d39494162b326a6e5bfa6cc20,validation
2,abf07c4d0d744a0486a05f8288cff950,validation
2,22c2e186b2ff49eb9612a9a3113cc37e,validation
2,db67f239b3494fdcb18a603eb0e100f3,validation
2,fa71c68995ea4a4da53fa2556bcee480,validation
2,bf37fe637c8248c9b23026608abc1b78,validation
2,03a1a0863ec2427cba12e5a3682ceb40,validation
2,ec56602ef0414f55a791e8a89589986c,validation
2,a64cd8ac64ec47a2b862ff6722468b86,validation
2,58e06d771f7d400ba5dcc41f121a7d9f,validation
2,60ccc986dd024bdc90f1a2ce3cd57ea1,validation
2,2930621b946b49e18255257b4ff4e8fd,validation
2,bca51305750a413ea04ecaf9175ee100,validation
2,ab2376fd554e4cfcaea541f1db7ae933,validation
2,9565be4fbc8f4f3d93968a2432bf39c4,validation
2,3e3ecad6168b450ab0dc3f7665fe26ef,validation
2,28e6a6802c2c41039bf14c296039d707,validation
2,d6128e21e99048a5890eb5859cb26635,validation
2,24f7e32761df4de1938ccf19165a7acf,validation
2,841a3b4e83ba43acb5480fc78cf8844f,validation
2,f94111c64c124b85ad7f71423c2b993f,validation
2,447ed4b1ffc1440485dffe73d6a54762,validation
2,1e823e183a684de3973797baf9703892,validation
2,3719d3456e07416eb279901ee145ada9,validation
2,b06ee73fd0ce46e3b55944ce3a3ba92b,validation
2,8eb28dd49dbb4d7e9184193cc263700f,validation
2,7242df0f02c64c31b5c57e53a51ae38e,validation
2,18a7790fb7a7461d83cec1aecd72f3e2,validation
2,8eadd56b9a3548a693d008f3f3f3cac0,validation
2,75fedefac36c401ea0d54f11595f8732,validation
2,42b8b385fe06427f98628bcd054c8a26,validation
2,32d68d2b2b324cc9868d0e2756306ebc,validation
2,6e94b83710fc4444b099116a820496dd,validation
2,e474d8bf52174302925a3fb40eb43211,validation
2,70ea7f527b0a4637b03f1bdd51a05291,validation
2,98b856b4cb474f678f4f721cd806bc60,validation
2,699d9168d0cd45f3baab429c577e649d,validation
2,4ed407d2b60a4eb8ae0f087cabdb896d,validation
2,c7aa2cdb85684a4c9681aa3377d3ca5c,validation
2,7efc0439652d4ecda2160582d6272037,validation
2,659c341cfc0e4e5483f35c05190ccd04,validation
2,0cf2cf99c5be4386a94a77ce4c82bc4a,validation
2,fc42e465f9184538b567e4132a216a24,validation
2,0a6c04cd72174124a3dc8fbcb7d49125,validation
2,f25b04b351ae48fc9e93784a25d2391a,validation
2,2534d1fb2ba04d09851ec9e2cd57ecb1,validation
2,5e9ac1e3174e47d1838267e5787bc8e5,validation
2,adfeb47905ef4a75b362fbb767ee957a,validation
2,2c11d75d0c99444d982843c8847240d2,validation
2,42e2515e73e946eba4f707c4b2a9bfa3,validation
2,6031a0a576904e4c8d82845c6f1144e1,validation
2,52728b8f4328453eafe4aa2328efc039,validation
2,af16ed739e12455388f726ae6a3aa305,validation
2,0fedaf04810d4067b212923aef533731,validation
2,f9b8692fb4c54fb1b22c6b5acb78e948,validation
2,b5b3864b804e4a59a05438d282cb6774,validation
2,874aa044f26643348e4571ec315ae41f,validation
2,64492f07cd6145d7b1e981abaab25338,validation
2,bd306c8d73ef48eab9ab6616da764d2b,validation
2,e7524343c0484bd19241478a8ead24ed,validation
2,5d9b335f52f64e75b3a1ba6b7b37f651,validation
2,42b4ee6fd7a643f2b5b0f8d3f6beaa82,validation
2,1cbd2af5d39445f9ae6c630b481a75fb,validation
2,086ace581921460aae468dbdfa0e1d55,validation
2,08e43ffd61da4e488b28850844fd3303,validation
2,b859eab368dc4cffbb7ab18eb0f867cd,validation
2,ffea59bdde054468967acb80547e1302,validation
2,280f4ce71fb040369862f0e1f033fcce,validation
2,c97be5ac78c3460993ea08e0048d9076,validation
2,eb4c0c22af2f46c18a93773317b0b818,validation
2,0144ced1c9774a0ab5dfc3f16be91e4b,validation
2,352b3677d17e426eb6c650e58fee19d6,validation
2,35a14e08122b476bbf0d1dd65d11905d,validation
2,e27803ba15ec4f5285c4fc45c026b41a,validation
2,faabb080345849aeb4d1f2390ecde452,validation
2,65d75033887a4074bcf2c3818f038e0a,validation
2,fcad312a2fb64faeaa59578a160b1d9c,validation
2,7420b0b233794dcdbc045823b0bec9fe,validation
2,aa6b64a1d2904c89919d46ba5d1bd769,validation
2,8feacb682b114fdda8463a4b1d859dde,validation
2,9305743b98e54c6ab8d7bcc7cfed735c,validation
2,548d25bc607248b08c10586c17ef6d77,validation
2,e18e51b3eb8448348f6e2e1cc8e0ff5c,validation
2,8b64961af951401094cbef12394354fb,validation
2,878ab5eeb0584d40bcbb113357276a38,validation
2,be7d37a867a14ff2967e4754300567a4,validation
2,91c046d9b9a040f4abcac7bb6c1ef316,validation
2,71372dac02694545abcdef0fb1e504a9,validation
2,01c17750e4734609aae2cec389e1376f,validation
2,3144647b8363472b8efcd4a11dab1034,validation
2,acedb0fba56040f585b9f5303cf69e91,validation
2,00ba921e416949a99e1518f999c9d188,validation
2,c8ef75d34f374f109e2bb9edf3fd49f7,validation
2,3b6520994895491290bf0838a975a456,validation
2,1dccc278352b4fc59c84fe2e815083da,validation
2,7c52e86414f04d97aa20a16fdc59ae48,validation
2,4a57b3d107ea47a9a80c8831b3a073a7,validation
2,2e80dda620ff410b951e51fdc08a880c,validation
2,908fb056ed464d55b08c8f7d22f50372,validation
2,c760109ae60d4fd4a8c0d7c959f16d03,validation
2,8314ce42624a4dd99bf534f11f2073f1,validation
2,9b2aa11583d04af88451497bca485f0a,validation
2,40d296c7cc8c4545b5e6190594889eb4,validation
2,966bc7bbee3b43318bb65cad3fcdae52,validation
2,952bb148833a40a6a255bf6f405ddc7a,validation
2,99fb153a2fd145548778da30f81a3159,validation
2,d8650c0a25cc4474bcc36bd136827d0b,validation
2,34b457b56a434fdda4d29f1d3f909e7e,validation
2,d97d1a73aca74098a7a8555277e898cc,validation
2,efa6ac97bf834b9abf2e60ceb54b6309,validation
2,2945340f9b44474a8e91d262038be235,validation
2,6621d391c3354a54bcd7df96ac5dc184,validation
2,f68a9213a27c42ff994cf6bd9d19fffc,validation
2,2a901e5c931a408588df04867f78d82f,validation
2,bde7fc49996f40439d3a4560c8f6af43,validation
2,d11907283f2d4d339eedcb062bdf8000,validation
2,c24a4a23d51b42b69165a4c50da7a6e7,validation
2,3c2ed0a45d0f475ea9b653d211543df1,validation
2,285e351aac264e55baf19bfcc43cf3fe,validation
2,ff1a1cb01ac2418f92c3da0b0a0e85cb,validation
2,cfeb92d2971b4a71a8e12a2ae69e5b0a,validation
2,0fced021a71d48d7bf0fc06025e0d1e4,validation
2,e4a295514b85489ea4a1f2805563da2c,validation
2,a8a313d95dd748d6b6dca7636dea5c31,validation
2,768196f77aff4b0d91bc86ec503f2680,validation
2,04240085e11c4957a1d2f0ea987a1d42,validation
2,dce6f462b8e3414faa5f9033253a58b7,validation
2,316c65eb6c4d4c7fa692390c12574a7a,validation
2,3a3f230094d942829dc26a4f8667ee08,validation
2,72d6763890db492fbd1ac410637fa46d,validation
2,1ec561076d874f68a9c652983cf972e5,validation
2,39654737efaa478d92f27f30a1ab204c,validation
2,1117908ce6f2427b96af6dbd8cf24667,validation
2,1050ddebb6324eaf931d893574ad16e7,validation
2,56f1a8747dc5461584753c0cef280e81,validation
2,349e227970804cc0a44376da2efde602,validation
2,81022810fd4e4131ba0be9f004fad3dd,validation
2,d029d9b477e94306b85951fd1ef0d0ef,validation
2,536a73634adc404ca2226c4b3951d652,validation
2,a3664fdf43a54fa4b26b0abd5af779e1,validation
2,459c54f5752a43789ce040011fb175e3,validation
2,e736139771d645eabc4f10da6bc69a88,validation
2,87427a8fdaa641fcb321ba3804ef7eb7,validation
2,9e267cf397a8424aa12155eb6c1dc4ca,validation
2,78098ee5352546f08d7e0f32106183ac,validation
2,b3e080bc253b4112811fa434de6c97c9,validation
2,1627a1d780a34f228a47e1852e3ac6a1,validation
2,9f5e627112d44af7b8adcd66c5c56be2,validation
2,094a5331235443db9b8122a8aa8fa04a,validation
2,9ed0b5d03409413f8b5a202f2fe9a183,validation
2,bc769f1dfa2d437e862942aa95fa83c2,validation
2,b0ff4ef6278c44c79efb0846a7c0d642,validation
2,af020796be684450b752e9e281c027f8,validation
2,4f7f936f83f442c1928d29f80365cd76,validation
2,af3889dc2ea04f77aff0cfe5f624b1bc,validation
2,29c02094913c4ad1be8a816367eb07a3,validation
2,fe6b8ffd89024061a45a82aa85a684f8,validation
2,92af0b156caf4a8187cfc4a1754a6369,validation
2,83d50a67b0864750a6035d18f9c897a4,validation
2,68505d7c17cf484b9ab97429c9c295c6,validation
2,9f57891ed14542209390481fb9b6f817,validation
2,666461ce11444fe495af9589beb6845e,validation
2,744a63e6d8044159aa1697908f7a9901,validation
2,cf375c731e324f42af69efa360a3c6bc,validation
2,bad0440e120843fdaada6cd8d7d707c5,validation
2,95461e46e35c4f038d1a01dede000300,validation
2,93735c3b991648839fe5edee31cb7be8,validation
2,c922b1cc93bb4d3ebcc202b815a510d4,validation
2,aa1b43ff57254cb7869ccdabb53b3c9a,validation
2,339faa9509d946e4823cc0bce5a9d4f4,validation
2,c35664b511c448b6a84f6368835e0175,validation
2,1e4ad46948cc4a2d990c36015bb763e4,validation
2,cb02795eb52f46fca67ab6e258969d69,validation
2,ce43567f2b824b7f97d6b8ff862a3966,validation
2,0f0aa381e63e42cab62309bd4d5be7ed,validation
2,eae26aace7294ee1b23438965197de4f,validation
2,815e563c17ef46cabd1450ddcfc8a5c8,validation
2,50fc022c0eb2483aba8d708a7d5805ca,validation
2,f1942779d7fd4a859853bed88038fc76,validation
2,3f67931a290c41adb43baa54c5a837b6,validation
2,4572b12fc9734c7ab27ff85ca26d34e5,validation
2,2258ac9348a54349a5e52536fe11df29,validation
2,18f133910e6f44e6978de0aaf2bf4d93,validation
2,fc3f27ff284740529bc7d22c209a92e2,validation
2,fd7f593b4bca4c4fb5e874cf128215c9,validation
2,54ab4dcf8dcb4b48b90738cf0e084440,validation
2,6caeb10b55cd47b99f016453dbc09fc3,validation
2,961de660f2b844d2a65f9b93001d77c7,validation
2,759759845b454f039afe1285e4738936,validation
2,b8860ad06da4468d89950e5dca5d78c2,validation
2,503361c4ea8e43c881daa9e74ef62505,validation
2,110dc21e5d4f422e8059f403bedae668,validation
2,08faf7691bb542dfb1e01585120934e7,validation
2,330b6333091e4987a396c989ae8b213c,validation
2,ee5b7a967b64488fb7aefec8e474847b,validation
2,2d53afe57fdc4ce1892e99c0da083c13,validation
2,dc0e55c34f604f8e81f661789f6340b6,validation
2,1cdae1db3a5b460a9c523032f3b8eb93,validation
2,852ad5ce84bb4058b9fcddd400791bc2,validation
2,b23ff7861d9e4351b8731dfe812d9d6f,validation
2,04430d39ca984a558f9cc061bb515067,validation
2,6c1f071a80eb44ac8942587df4aed71c,validation
2,81eaf215dd2b45b285d4a5c1bb2e0704,validation
2,627a6a5baec342c0a473adc2965479e2,validation
2,e96f8285cc7640b3b7014bf3518d5799,validation
2,ff014e740bb2460ea94d53c4b1ce58d1,validation
2,9dc1dd680a10426fb7e3628251a037b5,validation
2,f68c734cc92144a3a65e4ccb49634d2f,validation
2,d0dd2ff32b914b54818db4aae28bc016,validation
2,65e0659a30604c37a53881111315a412,validation
2,f0beb4b487e041c8ba8b0274d09ad727,validation
2,cf6687dd1e954e7f8c9997fb87ed3de1,validation
2,1f0b7ca35ea347f0b5d3161406372a23,validation
2,51e2924cd3a3421bbebfbade05ef9d01,validation
2,764601cc7ffe411f9a788f0ae99ce5cf,validation
2,6a9bdfdeff2348049d90b9375b8e7419,validation
2,56a08f0d63f34f4fb0f2b293fbf39013,validation
2,f9195509c85b4e2ea0fbb05027a0ae67,validation
2,e38c20ec78564f1f88655842ca289f45,validation
2,25601f23c1be40169a6efca8a810b0e4,validation
2,1126d1acaba444a7ba0583fdfbd98427,validation
2,83b2a4f6f5624d459f0fa0451afeb6b6,validation
2,2c6af99f90a4482486832730e3c3a1bd,validation
2,09472765369b4e2b82ba9bdbb8f0858f,validation
2,5f774ac32e034e89a2a555bbf31cd8ca,validation
2,fd727458ae8341a480237322e845a711,validation
2,948cb5f56f1d4f22848e9870d9d70d36,validation
2,faaf56f898834e65927fe522807ceb9e,validation
2,5ba703af8b9c49df8a6f435a8d772ec8,validation
2,2a4bf607505f443a82e3005b4c314a1b,validation
2,36bc752a4a584321bd9349ab1c13f776,validation
2,01ff055ff8644d31acf0e693a8c7a09a,validation
2,63ee20d1ede24c3699f6fd60f12036b1,validation
2,3e2504c98bd14ddb950ae9e9aa9fab07,validation
2,08e5efa6d3284e4ba969e5d0c97b25d9,validation
2,0ead7806116c4c37bcfa022a55742d3f,validation
2,5eda93b6cb1f4a02a97699c4771010be,validation
2,ce699751ab38449592d25282af64ca52,validation
2,f9a125eb5c414d3f9fe06d645fefbd9f,validation
2,93e86b22ed424d5bb8e37afef5aa6e63,validation
2,8fa86f2d181241f398cd2dfa58e3f6cf,validation
2,9c80740266584eb5947e591314b98ec9,validation
2,47fe72b54d8b4437937f22cd83867033,validation
2,27d2c37b430b42b3b2eaf9e5d1b1d6df,validation
2,1e8e44df850642e0a1b18aa8f076d61a,validation
2,cfc45a34a01d4f8092ddd5702e2a0466,validation
2,682e1805c17e40aa80f032fd928cbd8c,validation
2,507a007ee0994c26be29d9dc621de64d,validation
2,0c41436dc9c641e88f1d9f257239335b,validation
2,5c0ef2eb76d04c59a0f87dee3e60b4b9,validation
2,d31eeedd6686474dade7322ffc8da6e8,validation
2,79426d972bbd4e748402315e62992283,validation
2,dcb17f3eab3b4dbb88142b67de0ba814,validation
2,005e2517dde24988ac1eae602578cd67,validation
2,184df8a87f3441bd9326658d0c5800cf,validation
2,4665ad9b76b5458cb8ab437a0d121538,validation
2,75bf4bf9d0224a13935d41e2c197a9b7,validation
2,737e231126aa49d697584f15bb0648a6,validation
2,3b18f891bfd74973a3c56902e8e884cd,validation
2,02b2c0c44d3b4210919480ae6afdb341,validation
2,5c0a249f346a4ea7943db57b388f2765,validation
2,c2ab13bcbfa64f04b07170bab3259de9,validation
2,e6cda7f099484d5595463c7e45651e46,validation
2,e44d3945a5474741b22ddb7cae513595,validation
2,812f92a3b9a74599bed506ce85a80894,validation
2,24022122324040598d7ac01efce4df3a,validation
2,0822057fe59a4981b04cc9badf217be7,validation
2,66708f0ca647490c898b6d28d9f27322,validation
2,96f203a7c1c248c99b24d801172afe45,validation
2,9860f57bc3934c92928967b3e53cf8e5,validation
2,27bcc1f7ab694afcaf0654c5feb765c3,validation
2,1cbe5e9cb0474b77a89d9d86f4df260c,validation
2,9200b4b2005c49e79766b2cf04ce3dc8,validation
2,a65a079592ed46f58d68a096f3647360,validation
2,22c3f5d70d3244c3a6e421ef80916ce7,validation
2,3ee5e46dca6f410daeec36ea184957ae,validation
2,05dd3f28f0ab47e484dd21fb69c2a667,validation
2,180d1b49040b4478a58d1151891673c6,validation
2,64ebe52b7d3d4bf0a6e42bd8c4778ff8,validation
2,a9d363634d0e4efaaa4dfa38747d0489,validation
2,161b6d01d0474b2e938e6ae6cfce7d63,validation
2,40528b249858405580793e3c96ca5ba5,validation
2,7180ae1db7d645f58a7d32b7e2c44874,validation
2,7b151da4995340ca94ee230cdce82d26,validation
2,079ac0ece07b48e8aa1ec2e0aefa2cc3,validation
2,b6ececd6e452458fa40abea3e4022174,validation
2,75ae46fe2ed248bb9e7569e6971a7acf,validation
2,86c9d27e263f47f1bfc78eaf380e653c,validation
2,fa6d4ab8ca7c4bc38d23daf759a87d19,validation
2,db05202fe932411dad037043b9d91733,validation
2,a7aa538260ac45b7b672cf6681fb30c4,validation
2,d5dffffe0bb242e095b4dc836c65e89b,validation
2,3b7cc3fcee2f4d75a888132655102d02,validation
2,88fc92986aea4609afd7306e2e4910b7,validation
2,ffcc7392f7474d2cb50861dc9007f71f,validation
2,0ff052c0afb24b92a0639d4b6d7a3dee,validation
2,e5ae899285d4430ab6c004e96d610e74,validation
2,542aa06b30c6480882b1ea71f26ef62c,validation
2,ef5c68239cc44738b17668920f084a8f,validation
2,a898efdc63874781b14bcb4eb7ec94b8,validation
2,cd49687a7d0044f5b894deefa3e5ff16,validation
2,92239546fcb043eb8eb5611557bfa2c6,validation
2,4cd51f559dfe40a5940138e9472301fb,validation
2,9e264fe9522a4cc682fbf3054bbf0cd7,validation
2,5f120ab097ac48c4a15fbbf1334e175a,validation
2,8192f66e55db49d49848380f653415e1,validation
2,d8ceba218ec04b3988df3b7c50cdbf37,validation
2,4e88697d396f40bba0deb4048848fe39,validation
2,79ff67eb3e73494db384d9b02fbb0ee7,validation
2,ebfaa8906bd445b193517c3387852b9d,validation
2,0b56d85336424733b2a554d2b09842b3,validation
2,17635d8720d64199aa17da23488fa4f8,validation
2,ec8c9e1b569e4116b6eb7db97ca29c4e,validation
2,94606d0a6dcd40aaa8bdb27ad96b7954,validation
2,b2c77379632f4d0692a1eb2ca7f6fd75,validation
2,f9c9f9c9d7e24bdb83adf2f1cc8981d8,validation
2,3981b5868a83428a88ff328ab0f6a4ea,validation
2,3e834c2cc5004b66b3ddaca485fe1d1c,validation
2,9d31cdeef25a4485bed54efdaec65b7e,validation
2,a4a846ed06544d1bb0c40f493ab7300f,validation
2,3b261ebc303f4062b8a998a2bda181c3,validation
2,dfac0e1e06b340e68b9bf7c2097a24eb,validation
2,7eb1b84bdc074ed3bb12c1b13f07760d,validation
2,6494b9dc9d1e4b399110204bb573c2bc,validation
2,8ec8cc85e83f4c5a8748afb9f65e520f,validation
2,d600187a9b0949769f6c461ee8a041be,validation
2,7d34ee0ecef64f70ad38a5154d269d0b,validation
2,fef73f4a09b24fda964203063907f530,validation
2,7c7c69bf35984c43b81bba017a7cf41b,validation
2,623415a0034a4e0e9ec9d5feb94595f1,validation
2,dc162b87d13b4c7f81186d6ce6beae37,validation
2,1629e2c5f10e40389b392a1b8badfabf,validation
2,ef59d0f2397a4f18a57ba605bbf784c5,validation
2,9d6f4372cd224a4f8962d33fbc9b11f7,validation
2,2978d48d812042eb96ccf9cba7e6ae62,validation
2,e903213dac1545dd9d0c016d7472d9fc,validation
2,fe5c15638b714230bc5673f6c8b0ee79,validation
2,e47a86a50e4a49ba96ddc30b4a40eb84,validation
2,2ed675fece6b4136943c6e7cc389a479,validation
2,937e0d87367541b1869d319137d7e746,validation
2,1b0ecc4197994eaeb6ea8559ed7f13cf,validation
2,6892654b0e004213857fe1407e41c68d,validation
2,49ff07e4c14e4cbd990d0cdf73b41597,validation
2,4c2bea4409ed4b839eec7ef35225d633,validation
2,6ffa50338b7b4622b5ad9cd2e08e8c05,validation
2,5d03373cd4074fe18f1b59a879856416,validation
2,c133e6bb265a4eab94d34f8299430ea8,validation
2,11df3911ee5748febc64ba279f083dea,validation
2,07dae5996e754d6a82e5c502db3c5183,validation
2,e589dab5ffbf49149ef0a7732b5c5f74,validation
2,ef8df2adb7e04a8da6700f598086aec6,validation
2,4c7b7b656f3f42daaff0eec71da4f69e,validation
2,9f7b65bcb8594675a0bdb4c09feee3e7,validation
2,6f3f7cc5dbf246878d78cf7f526afe41,validation
2,5cebdfa239da442cb1bcdce61422c7e3,validation
2,d42b93d0c9db4065af2e8570a961bc58,validation
2,8f981eafced048d8bd7cd0051a210281,validation
2,cd17d6e634a14345ab0b5d3933690b75,validation
2,996b47f8babe4e1dba33657c92f396f5,validation
2,82fa7d7ebf36406a8254d999559db64b,validation
2,7626640cd3b54c40a7d010cbd24c7875,validation
2,ce7aef3cd0514fa585b9af22305d1697,validation
2,67a5de89e68447458fb44372889db64e,validation
2,b8cdbda1496447149cda06c9f2c56c91,validation
2,6889f6ad946547abbe1106df7f76a093,validation
2,e99057a77a2f4c138bd91cf0b6798bad,validation
2,05fe608dc1f4430489e9fe0b316ba2c3,validation
2,abc4106878a849a6b161b11df697bcbb,validation
2,5aad08d2324b49e6931e1194644d3377,validation
2,a7107bdfc98542f18863ac5532793a47,validation
2,e3ed6b94938c48d388b94337a8a6cccb,validation
2,96cbaeb7135c4db7bc4ab4b419e9b4a6,validation
2,6ab468697491421d9932d23269c9b357,validation
2,3dc74d466b9f446fa4650df546dc7d89,validation
2,6fbcb764584a4978ad6af310ca248d4f,validation
2,f379b889fee442c18049346e02f9921f,validation
2,8b981a0de4d64d6ebb3eeb9f7c70889c,validation
2,f1c9bc8869d24168810b322e0ece6760,validation
2,80dd74e7df3044b5994dd5b7c23e2907,validation
2,3f1a49833a8642fc8ca859fe63ef68d4,validation
2,cb68b3e7e8b142dca3e5073f12c7ce4e,validation
2,1be4b74a03f74df890c5e68f474f0b52,validation
2,13a61711b67e4139b89d046fef74246c,validation
2,6421c9d80d6847c8bb3b59cd922db821,validation
2,a0f1ce58777943daa5ee536566443aaf,validation
2,ca53487987864818997e5f4c632b330a,validation
2,233b4947b07a4fb796faec89365bd39c,validation
2,fc5f45949fa249129b88c31ccb342f1b,validation
2,28e078c89ef14dd58f6739e7d43e6f49,validation
2,dbd4c740145a4bb5a51affe371d9cdcd,validation
2,5435475aee91444aacaccc01d287199c,validation
2,3640012fa7f14f81bea9494fc59e1499,validation
2,e4ed829d98524bfba4f6bcd73c30bd98,validation
2,98513775d9e746bcb85f319fb6ac40fb,validation
2,c1c335666bad442980dfece653285508,validation
2,5c02a4bb2b074edb95520a2583840eda,validation
2,650f03853c5446a08633c574a3e6865b,validation
2,1f535d714b284fdd930567c55b52acc0,validation
2,ee03f140fdfb42f2b975dcb0f3e4225e,validation
2,003092b54bc14f5b9a65a08cb0c086fa,validation
2,d5bf14dbf2f1474b9975b12e2c5be5c4,validation
2,f14e1ea661464c1d85483c8c0748af97,validation
2,b0a8490c79cd45289f2f3a05da00acdd,validation
2,948afa3f033442f6a4a1ba7f5da425f9,validation
2,c2ed18defc604b33b85e856b879288c7,validation
2,736e4244027f4613a8effe3ff4b11dea,validation
2,81b81914c07247a89b05d9aaba902d69,validation
2,353d41382d364b649ad23b7f6245cbf6,validation
2,6822ad72dd6d4e17bfa67ad5f0ec5ab2,validation
2,7c0fdace38964a129173c62403c801c3,validation
2,15169f06fa924de590033b71e9a49780,validation
2,a2df6e290a9d40719fad64da657c6759,validation
2,b9a9b97e8fdd481aa87a4de9b46ba874,validation
2,fec08edbef39444fbccbe3fdf362f806,validation
2,4d0a9029693e42c49b7630f8f094a9ec,validation
2,5a6cbf4019c4468aa0cd600ae1106c51,validation
2,b05148583fc747aa951772fdf8b89070,validation
2,c0481f64aebb410f9f44ed8e5a0e4e08,validation
2,5ddff88887a54295ae815d36e1df2543,validation
2,0f17c45e81c744549633f524018bed2f,validation
2,3e5525e59c7e4745978537ebcc49b8ca,validation
2,adb96de2c22046f38a51afafcb94d1c7,validation
2,e911088cd62841b4ae52ecb83e72578d,validation
2,9c7ba80e8ac64cbfb129af6303f470c4,validation
2,99a7a4fee5f54876a0be274109fc7e14,validation
2,bc707b1195894472b040cee1476025de,validation
2,6d65c1759adf4ea0a0c5a90ae28b0021,validation
2,e93263b658444b45834d70b4e99d7467,validation
2,dbd1521e7a624b4e886fb6a464bc8909,validation
2,e9d61587f250406e90ba0f6912d8c6a8,validation
2,f41f51111689483bb5146269389be197,validation
2,57f15d12dba04e6d9b3c779f11b38f22,validation
2,f869c434d32c4a909279c9fbdc9dc9bc,validation
2,17783e8dd376430daf9d749542f33ca1,validation
2,63772f7c8dbd4b4db07db7ae7768af23,validation
2,d5739ce97b2b4347b36e4c906aee4fe0,validation
2,f0026c9d394c47f19d24f41e3b8af2d9,validation
2,7f1791300b8b41c08a6acfcec7d8d60d,validation
2,07d558e0c7374dea82f42d4e5dec30b4,validation
2,49b4f3a035144bbfa28d43f4b2457935,validation
2,92bcb31a2e35411f87576034ee87c2d8,validation
2,2823905158be42fa84042285b279194e,validation
2,3dbb89c395fa4291ad2c1a0d8178d549,validation
2,e771c9ca01d04760a2f1dfb95ab94e72,validation
2,1c4d2767023b4214be3a320b9a0194df,validation
2,77a410c4f0254aaaabab238a189292aa,validation
2,5a4dd89734e946a8919486c0799db8fb,validation
2,5cc75d9f7f27400ab78393daa85234d6,validation
2,49655a08aefa4ee6ba4eff71c055adf1,validation
2,a29110127d9547dc99be4d8e8c3f0004,validation
2,17cd4c1d941141c38a96c9bfa7135e99,validation
2,c43446442bd74f20b251c6ac8197a617,validation
2,6685bb2abfae409aa2dd54d1f5ba400d,validation
2,c53d7467c0fd489da7c14f98a6e4ff1b,validation
2,4f8d5907b6b647c4b33c7818efe669ab,validation
2,a3512f29e4bd45c59900150ba7924d6e,validation
2,2b1b653a3c564eb994a9a64ee1161828,validation
2,e492028a7798457b93f9ace9ac72831b,validation
2,a9743604e62d463483fa2ac5a5669ef1,validation
2,0deb7bc96a0d4a4a84153f55061452d7,validation
2,fd8898cd94bb4d35a522c7859745910d,validation
2,d53126af150f4a64bcd327d8b67b2455,validation
2,8830345bc28f4272a641835599ce2648,validation
2,864da257f4614448a7b500b7f40cbd01,validation
2,1a08a41457bb49c3bebbd5b327dd3189,validation
2,d5812f9591cb48ae90a499e0b689072e,validation
2,387764817baf431aabbbb52a4cd0e4f7,validation
2,6ee6ded399154b4594d03fbfed9654f4,validation
2,0b3645c9605a43e3bc4ed1465ebd80ac,validation
2,d6033dd769334149ad31c1f1d9cf51bb,validation
2,fc1185a1d2f84ba98cff886ea4114683,validation
2,5a2163608acc498d93c51922994bf184,validation
2,febd4619a02d44a6ab40eb34d502852c,validation
2,8c90f0adf05f48b9914333f0d863d1d6,validation
2,3718b88a34984b4fad21b46473d98139,validation
2,b01d38b4d025439090591b096073b78b,validation
2,537452d3a38d4a248379d0f602338b3a,validation
2,78848e39f0da4fa3ab42bcf50d01612b,validation
2,4564e4625d994577867d408697985920,validation
2,bc67ee5a09f54173847f4a7e98294787,validation
2,ae2d4290979b462faaa9e363c21ea24a,validation
2,cb0a94b6b1d242b2bbd480b58768bb4d,validation
2,1decfac892ba4d5abbf05cd69bbce274,validation
2,27f3b0257d564efc9db062785af481a4,validation
2,a961e5fcb134492b9c842d34f6d66506,validation
2,7f0ba386e30b49439fcbef39f5a73002,validation
2,2dde1a52da03464cb6400c1162b778b8,validation
2,7478e578ca7a43309033fc1d9d693233,validation
2,4234c664178b4feca30a39b6ef3a6c70,validation
2,10c5c68d505a4e2f851ea2e50c42ab88,validation
2,fa77d82e57da48928e4804d3727a36c0,validation
2,2000ac98a65e44358139887e4092bd36,validation
2,e4d3314d35c84b53bf2337bf129e74a6,validation
2,0741140331e84d7e8b0fe6373094fe7f,validation
2,fe6c237a484646b7921f3df4933e8c81,validation
2,ee3d7786793c42af8ba245155bd8a685,validation
2,e2ff7e15795148cba72c9ed5f3c54379,validation
2,46927c59a8bf4fbd9301ba1de2c0a251,validation
2,7a80895cd3a7465ba44e86394dbe8e38,validation
2,cc6423961fe94a73a7809671b2a39891,validation
2,39ca0cf1e8ec493893108f9c222d2253,validation
2,b12322299c8147299a6a5fa8980bff0e,validation
2,13e5979dadba4f3f9fae5cbc9670f4be,validation
2,668bf78b6df34b229233a151baf78502,validation
2,3d9a2484fe0747d2822b4042b98f38e9,validation
2,9964e2eebc7b4dc3896e953c4889b410,validation
2,31dd7890d56c4f8d987bfe8f4378c353,validation
2,264736832eee4befa03bc57847715a2a,validation
2,a68bcc9fd773449180fafa7bfd209cf8,validation
2,1cb4fc1baf4d441eb3fb8d9898097a54,validation
2,28aedeb0ca304524abd7c82313904ed1,validation
2,ea5aaf3930b448189a83410039c2f886,validation
2,4a3fb4d0532045b0a47d6a63df1808d2,validation
2,f5071a42fef04302ac6526b9e183c62c,validation
2,6d9b367fd6844a958542738ed588543e,validation
2,32ab4c5fd6dd418cba5bb90beeb56e7e,validation
2,4c6762a0daa847d0bdbf999ed30ae5c4,validation
2,fb55df94e0d346a48f82697954d287e8,validation
2,947280a108ce499e9eff51bcc1f347a2,validation
2,991c01f0f8594caf94285d48cc0b7abc,validation
2,25b182e145664f4ca0192383e087c74a,validation
2,7f0e5933907f4137ba6a0d1761c8df9a,validation
2,5fd576dd999b4f7b81f789b431df7d3b,validation
2,7a697662b28441848ddf998f8405eafb,validation
2,9cfeaf0e805f4ae3aad45e214cb5864f,validation
2,52334d0dfce2424d99e19f86aa307d02,validation
2,5f8e952437b34735aa12dbc7b9d5992e,validation
2,ceffaf2a2d8d43a4a8574a2fdd3df7c9,validation
2,b25ca184ae1f478799fdb0745e9f10dc,validation
2,3fe8d1aff7e146ae9b74a0f4c02bc26f,validation
2,b28893d351a3465d9f90a0371c7c2a9c,validation
2,edcfc0fca773403b988b927a88841e14,validation
2,91e8aaa1d10a470f985b38761a0290c4,validation
2,4cc92268ad1748a4a757b0e333a43641,validation
2,ecedc586bdf847a8850d56d532cbb5a8,validation
2,45a435d836004ff9a862bd8ad9d7c0ce,validation
2,1f2c64420192427487372d4b2023ddbd,validation
2,a7bf4970a9394f1990a4977cc9bc84ce,validation
2,9567d9b9ac524134ac65fbae0198d384,validation
2,d535db5675b04f948233705ee216bb02,validation
2,3b1bd4c845f34653bf41802940d03be3,validation
2,cd9451023cb745a7aace44a4fd4ba9fc,validation
2,d2957065042e45b9845f0048d90bf413,validation
2,a5f6ec0591c54b9e8b6a4f594818e63c,validation
2,98a7d1478ad04a8f8500c975bec4622d,validation
2,a6b84b0a86d6470ab1fb11317959de2e,validation
2,36fbd3b62f1144cd9fcaa78d13d70289,validation
2,d5800955980c49bd8039f5a028789a21,validation
2,e8b1b0da821f430e984df620a6a8d6b5,validation
2,83874b40b869406399ad58b971044a91,validation
2,93c8921a25b741e2b3979ac0d3bcc062,validation
2,5b75b3251ca54c35a233e01f49f6b4c6,validation
2,496c09cbd51b4dcd925fb296a5194e52,validation
2,6f49a1dbc5234cdeb2cee872d34a8ec6,validation
2,027786de657c4c09bb5d215d4766cfcc,validation
2,bc7458ba75b84139ba5a720f87de863c,validation
2,01c6f571bc0641468b81b63ec980cf40,validation
2,ad3ad6fc6bf34a3da7c6238b9e0f3e91,validation
2,2fa58d6cf8ba4da38f1b61e6637d87c6,validation
2,093ecf9f625546b7a4dc929443233fea,validation
2,ae451e76d5b94a9490bba1bfcc566195,validation
2,073717aa90de46fca7f18765dbcd1274,validation
2,a01eebf606bc44be95e41f623328a9cf,validation
2,f1abce1c171541339d71bde44339623b,validation
2,72606c1600014badb8db70905633dc8d,validation
2,d0d50d9207654f0e8f0c76f869592ddc,validation
2,8b77b9643f1a4e4b869374828a28f7aa,validation
2,db85d09471214ed7a57316760c239760,validation
2,811ec812b197465b803c46b416d5e5d4,validation
2,5cc1852982f14b6ab86309ab8399b954,validation
2,48cfa0191a9b45f4afaee61a8679d249,validation
2,d77291f79ac0404ea85be3e233c8aee2,validation
2,4a497ab6f8b74b42b873124d4c0b5479,validation
2,6995ec68bbc045a68124a3afc71ad32d,validation
2,d5e4ff3193024677a995324344c6096e,validation
2,ba8c5865ea03401e9cf46e520a4811c5,validation
2,a74813de02334480987256f6f9a2b49c,validation
2,26ad686efd234c09b4b8d74269386e3b,validation
2,8246c9d6925048ad9d5dcf2e43f4e045,validation
2,7a515ecf63d0411c8eec9cc4a774bf43,validation
2,d2ffbe7c4da54fa78c41610140589b8a,validation
2,cee82f2288e044c5b915d0fa20332694,validation
2,23b2ab0595984151a89c7eb30bdf7cd3,validation
2,267213a1e7d1440ea0b46d99a767f0eb,validation
2,dbe2474e284e494f9b950a46cf451ad9,validation
2,ec0cea4e10ca4865916582d3478c2b30,validation
2,c7fd3e5869f34b7e8d0271a8f8ef1dc0,validation
2,d70de08424e6473a93fe93017452de02,validation
2,18f42186abf54ce1bc81dde9b09b5dbe,validation
2,2dab1fabd8bd4b3c913fa4acb3afc4d8,validation
2,a672a64ef410418398568378fd87ad64,validation
2,c529d8b0ae054b35a618a6207fd2806e,validation
2,75646fd9dd2d4a7d87f16f90031711bb,validation
2,0bbcf7a17b904c56a8a705ee7c0c4840,validation
2,69a6557aad284ace926b03adea03776c,validation
2,ba5945b3ace742f6a0c54deb04a819df,validation
2,c1d10832d0174fbabc30ed0384bf04e7,validation
2,f85c561179644f9b9c0cadbfba77c57d,validation
2,b789bca8d1864fecaca4ad5e5af6d4f8,validation
2,53f0e541a2f94d209719c6fd172051d2,validation
2,0f18115f3130480c9ad882481fdd47f5,validation
2,ad6ce31f832c447b85bdfd174a5d303e,validation
2,4de3f7d487b64457aa1ba2d07ad4892e,validation
2,85b3bc79c61f4a53ae7fe2537651be90,validation
2,4ea8b879586c4078b33100637b8c2333,validation
2,be6a0a6059934815bc2e0ae64dfa71f7,validation
2,8385c2b81c1c4209911626ba3911bdb0,validation
2,7e3d72e519e94a23be7c3360b51b01a1,validation
2,52fbf14bd3844c9e9ed9ebb59fe84b9d,validation
2,611486ed02b146cbb82803ae171368b5,validation
2,fbcd58d7b6824993a797902d8ef7cec8,validation
2,62285cde44e2494d9596c38bd6bec2ae,validation
2,812e87ecb17f4a7eab696314cd064560,validation
2,3714bc3892364ec4bda8f987ecfdbeab,validation
2,e66f96605c2e43509c0d668a5d541bc7,validation
2,c912c9f5b9f947d4b1e2d0e0451a9c62,validation
2,b31fe9f0c1c64882965b05a7e63a85cc,validation
2,d3fe4aabd6c5442d9771d29a2bed16cc,validation
2,8803100614c3420ca70b5bedd2c54c1d,validation
2,d2b4f98928424847b188ade083d91a9b,validation
2,1abc500ef76c446e86549f89bbc39604,validation
2,5ea461b3d07e4f10ab13d133940c351a,validation
2,116934846ccd4ba4b815a621e05df84b,validation
2,978ac913de5646629efdbace50e50815,validation
2,3c8eef716ad743f7a2fd0799e8d2fb02,validation
2,18705d2296e34bebb33fc4ac25959509,validation
2,477a6daa8c8947e69a01242bb40d5a98,validation
2,ee26338eb3354e3990cf14a49bae66fa,validation
2,83bc1bf8c62a4b549221fd7d80ecf2c9,validation
2,c4f61f0ad64944d68f4eb26d7b6e9a4c,validation
2,3e1cbd98b7ac467591d857e14f7607ab,validation
2,15bb4a8d7013416198283eca76db35b7,validation
2,8e3e7a461c84492a970b70e0ac5a805e,validation
2,fbda5442f9e943198f2f587db9f0f0c2,validation
2,adc57667ecd7416ebe6d5a798a8711aa,validation
2,cdd2dd058d8f48e3854488d186c81ed1,validation
2,051c1e03c746471bbc1fbbb3132169ea,validation
2,433b4b6e46294050be0999ae4eb6262c,validation
2,a1d8df9f0f3d4384ba7dd6733c3e1623,validation
2,5adf7bef9d664cc18b97a9d145c271fe,validation
2,78437b9fabc44184b584ecf82a6a6270,validation
2,d60d752bef31445bac4e1915bb09f424,validation
2,9794820bf9c04438a19f190d0aaf032e,validation
2,01a173abc5454d1a973d2875b5aaaa58,validation
2,d63c217c8fd24b2aada8ea2595e4bd2e,validation
2,71cd2cd8c01e433e88096896d5bc687b,validation
2,bbfd4ea049d2407191e6e4f33b05aa42,validation
2,7e85029895684f15b6a32ac470c94373,validation
2,0cee2c80c5084f308f4b77c737e3c386,validation
2,84c8829f581e4eec94808cb938fc8826,validation
2,35c11936a33741789010eb368579c4c6,validation
2,4d09234174874f6a8ebdaa3c3e2ebe24,validation
2,bda939fb65294f10b0b52506dd3c0f6e,validation
2,d9805482d5a54264b915b63d1913638b,validation
2,b07fc06936cd4d6dacab663d6830e3a2,validation
2,bfc001d4c98f4186a9eb314b61ca9cf5,validation
2,4f4cab23df4f46249c1e75df8adce103,validation
2,9fff730b9da542afa1c729b79ebde815,validation
2,ce6e356cc41a4cac8cd4afb171ebc710,validation
2,3f0b29db2018436b82e4191a594ba710,validation
2,ce0b350f041049859ec40de80e92b687,validation
2,a7f581b1732f438981544a6425cd59f2,validation
2,30e2898b9bde406eaa6398d417b0340b,validation
2,26e54945b2af463b9d4a74d533f9e76e,validation
2,9ffd5ac18ddd41ea9d6aa4cac2b6dd54,validation
2,c599660929c74f61b15729e1b9546a55,validation
2,e3d29a0b101f4b2b84a59116b8db3e52,validation
2,aea065ec1c74480286d19e343902f2e3,validation
2,ca75d5e10ac44ae3b3df087ff72feb98,validation
2,84aa601180ae43ed932f54fb157da3b7,validation
2,7655e46f732c499ab5735708e9c15f41,validation
2,39fbf843fc03485f93499a6508dff09f,validation
2,c5e4090cbeab4621bdf1a7952b7080e7,validation
2,acb31276a7ac4e80953d6cb5872a3635,validation
2,2947a41f36ee40d48996891ba16d6630,validation
2,a5a0e6f74ae14ea6bc2ae45428510c8c,validation
2,9cec4760330c409fba6429356576eb42,validation
2,7c11b91512a44c69baaed9f5916f60de,validation
2,17c809fa31644cb98fe81a204ed63ce9,validation
2,3c9dbbfd1caf40b6813af53fe1e66c86,validation
2,c639101f575542fc841288dcb5156781,validation
2,1ede0fbdace84ad4ba835fde5903d81f,validation
2,b3864d09a20848ada0499e4a2ff5dfac,validation
2,50aa1205e8154267bd47c0079293e764,validation
2,a62a83addf55474f955ffd4f2309ba03,validation
2,69ff96b87862457280663383c9014ffa,validation
2,539e47fcc8e64dbb97dcb4f766cb98aa,validation
2,bbabcb792d63440d929893c85788f9b6,validation
2,8daaa2876eed427492018d4bebfcce26,validation
2,1e9442d0a9b649fcae177a7d4a58a986,validation
2,33a3c42cf7da4cb4b6280228d7a8edc9,validation
2,48f0a609604e4eecad803a754c34ad21,validation
2,c7419e5611cb45fc9479fce1bb972547,validation
2,09991d535af046549f5e5a8d79812b3e,validation
2,37ce266c007d428183db75a908477b14,validation
2,d029c678dacb4424b3f6a2aa9dd185dc,validation
2,f75d9b10288d4ce9a32c702c52480933,validation
2,3eb52e009d2f46e4bd9eccfe56087270,validation
2,f8706a21bf404ddfb0e30cd96b5696da,validation
2,e9cc42659cc540e2b27c807aeaf24316,validation
2,9b72196282d94f8b8b77db606976aba7,validation
2,a3a58af19e914d2b86d3e4911c4b7a43,validation
2,b096ca07353f4af4a69050ad9a7158dd,validation
2,5a230559e0964fd99956d398b5160c8c,validation
2,4f18b29327f74106ab9bf4447f6e70a9,validation
2,325d396b00344f258ab4c8b933b63cdf,validation
2,0c84e06b4921482ab67aa84ff7cd8b21,validation
2,8762907e2f8c4276a44788a2fe06fc1e,validation
2,ed9caa7ff8cc44f1bc0275216f6a9e2d,validation
2,a348427963544b1692c6d7aa0cc90166,validation
2,d94c6c1d42614b29866764d450783828,validation
2,84051057a907408d876dcd773f33427e,validation
2,77119b1153ae4b1eb191a6ee6e0144f2,validation
2,e1ad2e51ef6f4a0992d18f438164e7e1,validation
2,e36aac41b192480588be0c858360a779,validation
2,5a7e10ba4b9342b292b5bac5467913fd,validation
2,043b2a33b27f42739cb6892d646a6ea9,validation
2,e180b7406c1b44de8cecf9748807dc7b,validation
2,37fc691efc2d47b89c723a285a5a703a,validation
2,6a465ae1ce624bd38ade8e9f45e44b75,validation
2,457da2a9fb0a4f8b84c2e582a2fd161e,validation
2,66493009add041d0bac052e1491d5e11,validation
2,c7b83f91482a41979891ef7bc45ea3a1,validation
2,dd4ae86a3f7e4fc693f4ff850f01e9b9,validation
2,6768229edade49d7b57426851b12c4cf,validation
2,4007a9a2116e479aaf2a51aa095774e5,validation
2,47ba1a4f3cc142a78cb3faa79911966a,validation
2,0ab7fdac388b4cf58f628d30e26a5958,validation
2,eafec5c78a024511b7bca7d28719fb93,validation
2,81472a18f28c42fe963e430010d1666e,validation
2,fb24847364ac4a019eb06f6917821fef,validation
2,ddcfc8a288a54c85ba8367f93f8dbfbb,validation
2,303ddc88933040498e472a68d7f61433,validation
2,894b422e6173494daf4afc7509099e25,validation
2,4789f8db45f74d2fac76b4768abcc114,validation
2,aa7cca1d91034e08a8f07d28b49eb9b9,validation
2,d9914714cdb843a19a9d06419170962a,validation
2,cf07649fef9d4690ab4ba0ae1c2a5cc7,validation
2,7095384f4cdd4a56897ecc3457031853,validation
2,0ecade449a904bef8b78e934200cf013,validation
2,b4c15b81177146399aab3c47d7d5b025,validation
2,8c60abb6d45742fe95b6dc14df166950,validation
2,e31dc3b5f88e420bb56ba76cfb93f61a,validation
2,553c64a16ef8435c8e4487137004e2de,validation
2,723cee4a24d94bd685d0876a39d0f7ce,validation
2,e08ba1589197486eb2852374549adb5c,validation
2,0ebf7496fe4643b5aa27dcb0ac1c6ddb,validation
2,28e55e0d8ebc4f6bb8288b1d6d4fb835,validation
2,da6e1493d6584ad2aae6cd1bae5bd52a,validation
2,c01fca00ce6e4cba8c04671384876396,validation
2,f1393dfc432f41c78de26035ecb62d54,validation
2,9b8cec2bae1d49d186c5bf43413f27d4,validation
2,ef0f85b4d2814ced801d93d3b56c2268,validation
2,0542033164e3403d92da6627a22d8ee4,validation
2,345ebd537d9646aaac18badc14185106,validation
2,992c5c73581244ae8b05f3704aa37387,validation
2,bfe0d0800ae640c593386badf8dec4ec,validation
2,e405bd6b031b449f8e6261455cae417c,validation
2,540722e1d2604614a70bdb56a5facfb3,validation
2,1c322df81d3545b59887ec902b7071a8,validation
2,afdec22b28cd44d9a04bb1cea37e4160,validation
2,724f921f6abb406e9cba44b4ff90096a,validation
2,f01727dc20af42edbe5dc295b16ad510,validation
2,0097ab53f11243daa1fa8a93b3b5bf10,validation
2,e7cf809f2d1641868e7fbc76536946e3,validation
2,459e692096ee48ef9b1f06b20cfa5e86,validation
2,d7cd63091604423ab28b39e77315e75c,validation
2,875a352f90fb4f0397b026d5f5c693d1,validation
2,e155bcb2893f49ba9e26411b7ad813a5,validation
2,d7deeef6453745e18200f5dab9706087,validation
2,dbde9e53558342f6971ffa6f35765e53,validation
2,d4e1926eb6694ce6803299cdf6cb116e,validation
2,df3deb0ca1184a6e9d7a47799c265797,validation
2,89c93775f07e4d089508959cba018317,validation
2,b3c73f409cc14900920d8f9be545fe68,validation
2,bd3a84ab56aa4771a35936f0ebbd4873,validation
2,859992c1744a4b8ba81aeb2281615d28,validation
2,b52a9a193fa74242b24d93ba108921cf,validation
2,2e9c70c04f1d444a892dfa5624683822,validation
2,f7343e7294fd4024b5e6c35f265b5db0,validation
2,702e6e3c8d514015a69e08b22f5512ce,validation
2,c6fb2d3de80547ffb5509d7dfe4f9c90,validation
2,9e4ff45acf0f40cfba96b16b15703b8c,validation
2,68de357870c04aaa8b5c1fe642179476,validation
2,b359ff0f01a3406884ba92f0f61df869,validation
2,ee7842679f2a4399b3ad59f4fde16582,validation
2,f0b02147c0674e0f857293f466d9dfd7,validation
2,32fa6f2f5576408bb7a9005a90168fd3,validation
2,2b0f9547c0ef49d09004e49648b76a05,validation
2,2ae346c0ca784652aabe896bf22c6e55,validation
2,924a6d0cd9e344b6b729811c71d7b755,validation
2,35dacc8637d54c66997751a71218f77d,validation
2,fbcd34dd332d4a08bbea8c262f79e53e,validation
2,bfd0c535d3b34cae9ecbde11a580653d,validation
2,087b814556b8417dbaedcd3e2f1bcb53,validation
2,fe318d0b910042c2b659925ef20367aa,validation
2,adbc5c0611e741ad8563ca73a0553613,validation
2,3f0a3750d050415985885303eebc9da1,validation
2,6d579477fcdd4823aa1c00d64ef2cec7,validation
2,1a00fc40f66346f3b80aa3d278ad4b73,validation
2,5556901d357c448093e3d7fbe6a89e76,validation
2,10b99bbad9464ad4892e5ca8df05a343,validation
2,397e9242a2da45b0b7a58aa7eb63a4a9,validation
2,a56e4fe3510b4947bac1117bc98e8276,validation
2,65d07b0fbde44929800e8ebee9c4b80e,validation
2,815e10c6516d45a59efb19e359dadc0a,validation
2,6ab387d23bd440269068d1aec57e7412,validation
2,085e1c8d1a06420eb3fbd45b9abfeaee,validation
2,72bf13dd3f554c179fec2d7cfea8dde5,validation
2,97d9f61ca1734c8d94dd6fa28c2044f7,validation
2,f316c25ea14c441288a68604717f8071,validation
2,a386611a2f204deeb9016836abf84054,validation
2,05703bc8163543b383c749fbe4431d75,validation
2,f71ebd1961b6453680e4ebfd86f8259b,validation
2,18b02e006f4748f78bb5b57fdb197582,validation
2,7fb8d2619a424bc3a665b12d7067d715,validation
2,ae729635614d4b5b91e4aa5d8339422d,validation
2,309736b790c04af28ee67af0249cfc31,validation
2,2e1d49ba0f7147eaabc07bbb050af6fd,validation
2,f33343697c284ba1953d8acfc18f80b5,validation
2,4d871c6da1124e13985b08c7aa225a4a,validation
2,57954200b53e4dee898274daf6f8ed95,validation
2,675e1d00153b4793b3857adb7170dc3c,validation
2,2cf41b335de34eb393eac2295000f305,validation
2,6439874584294efa8cc37ffd507e8dec,validation
2,d29abe81581a4a038058002f80b59722,validation
2,7a6116c13ff140eca63dc0512674bf03,validation
2,9171614aa7a54ef7a87453e6206b5aa9,validation
2,1f66c070cea14f7bb0c4b4c0e2c75cfd,validation
2,9bbeb229d97f446cb1393cf30737a9be,validation
2,59023e6be0ed4d6eb92e0b36c3ca513d,validation
2,a83413136a93403b9960b9a3f2283775,validation
2,6b769cdeb2f840dda1babf8a333ef59d,validation
2,31248e481fa34068807699480200ea2e,validation
2,ab88f405505f40958626aaac5ec3ce26,validation
2,559144d47b8f462d8327d8f015d27b42,validation
2,cf75998594f5451b8b030e4f91fe90ce,validation
2,a5e69265db044a65964be5ea0da936fd,validation
2,43d723e27ce84891801aa25645465df6,validation
2,f3364bc1777d4cce9e32d0bcc0da71a2,validation
2,82255f0d3df74c88857bae88635d3bf9,validation
2,64bb0ff3841b43ac97f55ff07d7fcff0,validation
2,b8418bda878f40b9b5cadd4814bb66a7,validation
2,2c41805fa9d3425aa89c50fc4ed2c3a8,validation
2,4795193178c44310bc06eac9bb08369e,validation
2,a0ba4ac6d95342a180675bf319e6c459,validation
2,548358f606ae4ae79561e17ce0a0ecd7,validation
2,2e97c47ade5b451497bbe833c8335fd1,validation
2,7594f9e9bd244229bf8ad5beedfee8ec,validation
2,64d448a20fe14d3b83742cc2c1df761f,validation
2,9df34dffb2ca4381838a944d016ef038,validation
2,c1d0a6e647d440d8a7e695623135c5f6,validation
2,04621422d76640d7b748478aa6f04035,validation
2,2c2d86f91f684fd091e245b1fe2b2acf,validation
2,30ba62401d2847138e230b468003ec62,validation
2,f9a6ca3fb197402eaed83c6de5ad22b2,validation
2,339136eb2007460da8335fe89e5f43d9,validation
2,1ae911214ee84f65a93f097afb1c5422,validation
2,06ca59937d25495089a78f381d608bf8,validation
2,f65e2f9b9bb2472d8565d2e758600c6d,validation
2,0e453d0ff48243d78dd7ff862cc6ebc6,validation
2,6d328b01aa6f4b938a77e2c2def8ad9e,validation
2,056e3b3f04ca409b99a5bb17be15caa1,validation
2,fa5425b03dbd40b9a11a32f347b580af,validation
2,dcac9e07872644208e4d5a522ed82873,validation
2,f7eb0709dc4344838ff168e38c733f0d,validation
2,2a52655fe12f4d3688cc2c10a2847d25,validation
2,6bbb54781c0644f298374340fa91614e,validation
2,d506f495aebf47afa8dd07f0e322b11a,validation
2,b39b5b91936b42f99cb1cdaa9a7d956d,validation
2,74f469d179674bf8a35c268f5e82ac92,validation
2,90e990248a8044a38756d772facee897,validation
2,453e5613503e4a0d9fbed24c2c0fdfa4,validation
2,4d919b92b11c4a82a9c575f66239e6c3,validation
2,f6d96f91ab22406693f3f0f036eaac0d,validation
2,143dba79e9974838ad9992ff320a90fd,validation
2,6ea63b231ebd4d5794daf4001fbc1b84,validation
2,f9abdce8f5564707aaa6eefef648b02a,validation
2,9aeeefd20f46474fa91940b67b02a8e5,validation
